worst	-3.33	0.42
hideous	-3.33	0.73
rotten	-3.29	0.48
nasty	-3.26	0.49
miserable	-3.25	0.34
dire	-3.21	0.68
frightening	-3.15	0.58
brutal	-3.11	0.60
pathetic	-3.01	0.36
painful	-2.99	0.78
tragic	-2.88	0.67
dismal	-2.85	0.39
terrible	-2.84	0.64
terrifying	-2.81	0.72
worse	-2.72	0.74
wicked	-2.66	0.73
est	-2.66	0.89
filthy	-2.65	0.81
depressing	-2.58	0.89
dirty	-2.58	0.87
ugly	-2.57	0.56
immoral	-2.57	0.88
goddamn	-2.54	0.59
embarrassing	-2.53	0.75
fucking	-2.47	0.68
devastating	-2.43	0.71
useless	-2.38	0.55
poisonous	-2.37	0.91
old	-2.36	0.68
pitiful	-2.36	0.53
dreadful	-2.31	0.73
awful	-2.29	0.76
damned	-2.27	0.74
confusing	-2.26	0.87
ignorant	-2.25	0.69
deadly	-2.21	0.70
bizarre	-2.21	0.69
vulgar	-2.20	0.87
monstrous	-2.18	0.69
gross	-2.18	0.90
crushing	-2.17	0.81
grotesque	-2.16	0.60
helpless	-2.16	0.74
bloated	-2.16	0.97
shocking	-2.16	0.76
scary	-2.15	0.75
muddy	-2.14	1.03
troublesome	-2.14	0.84
lazy	-2.14	0.57
hispanic	-2.13	1.33
inevitable	-2.13	0.81
immigrant	-2.12	1.45
sinister	-2.11	0.72
elderly	-2.09	1.35
impoverished	-2.08	1.34
powerless	-2.08	0.73
frustrating	-2.05	0.89
savage	-2.05	0.96
unbelievable	-2.04	0.77
fatal	-2.03	0.60
odd	-2.02	0.75
grim	-2.01	1.17
worthless	-2.01	0.75
desperate	-2.00	0.58
poorest	-2.00	1.23
ruthless	-1.98	0.81
lonely	-1.98	0.69
unemployed	-1.98	1.39
bitter	-1.95	0.82
dumb	-1.94	0.75
ridiculous	-1.94	0.63
vague	-1.92	0.81
irritating	-1.91	0.85
sick	-1.91	0.76
messy	-1.90	0.71
urban	-1.90	1.19
inadequate	-1.90	0.68
infamous	-1.90	0.81
steaming	-1.89	1.02
stranded	-1.89	0.90
poorer	-1.89	1.33
gigantic	-1.88	0.92
corrupt	-1.86	0.91
cruel	-1.85	0.21
affluent	-1.84	1.34
unmarried	-1.84	0.89
boiling	-1.81	1.01
oppressed	-1.81	1.16
oily	-1.79	0.96
worrying	-1.79	0.80
homeless	-1.78	1.41
stale	-1.77	0.98
stupid	-1.77	0.86
questionable	-1.75	0.67
gay	-1.74	0.95
vicious	-1.74	0.17
disabled	-1.73	1.22
aged	-1.72	1.08
outraged	-1.70	0.87
probable	-1.70	0.91
weak	-1.69	0.83
eligible	-1.69	1.32
dependent	-1.68	1.04
selfish	-1.68	0.76
disturbing	-1.67	0.90
deaf	-1.67	1.05
crude	-1.66	0.19
unnatural	-1.66	0.72
haitian	-1.66	1.25
tedious	-1.64	0.98
eldest	-1.63	0.94
depressed	-1.63	0.86
youngest	-1.62	1.06
starving	-1.60	0.92
int	-1.59	0.80
wretched	-1.56	0.81
accidental	-1.56	1.05
lousy	-1.56	0.84
mindless	-1.55	0.85
cunning	-1.54	0.92
notorious	-1.54	0.70
mating	-1.53	0.83
prospective	-1.53	0.97
hopeless	-1.52	0.36
troubling	-1.51	0.77
murderous	-1.51	0.24
superficial	-1.50	0.66
startling	-1.49	0.92
queer	-1.49	0.88
wounded	-1.48	0.92
maternal	-1.48	0.89
runaway	-1.47	0.97
distant	-1.47	1.04
crazed	-1.47	0.24
greedy	-1.44	0.17
unnoticed	-1.43	0.90
lesser	-1.41	1.25
pointless	-1.41	0.26
mortal	-1.40	1.05
ailing	-1.40	0.97
lethal	-1.40	0.33
vulnerable	-1.38	0.99
goddamned	-1.38	0.51
unsettling	-1.37	0.91
postal	-1.36	1.17
meaningless	-1.35	0.23
drunken	-1.35	0.22
alleged	-1.34	0.19
benign	-1.33	0.85
destructive	-1.33	0.24
impending	-1.33	0.29
roasting	-1.32	0.93
racist	-1.32	0.19
unpopular	-1.31	1.07
arrogant	-1.31	0.31
privileged	-1.31	1.22
catastrophic	-1.31	0.31
grieving	-1.30	0.83
outrageous	-1.29	0.25
masked	-1.27	1.07
little	-1.26	0.98
whole	-1.26	0.89
violent	-1.25	0.19
common	-1.25	0.98
hardest	-1.25	0.74
greasy	-1.24	0.43
bloody	-1.23	0.27
eloquent	-1.23	0.98
tricky	-1.22	0.88
rampant	-1.20	0.21
noble	-1.20	0.92
divine	-1.19	1.36
conflicting	-1.18	1.15
peculiar	-1.18	0.33
fantastic	-1.17	0.81
severe	-1.16	0.30
amusing	-1.15	0.86
ultimate	-1.13	1.33
swelling	-1.12	0.23
sweaty	-1.12	0.36
famed	-1.12	1.13
immortal	-1.12	1.02
idiotic	-1.11	1.06
stressful	-1.11	0.39
careless	-1.11	0.43
bleeding	-1.11	0.23
young	-1.10	1.18
numb	-1.10	0.42
minor	-1.09	0.23
petty	-1.09	0.30
frail	-1.09	0.56
pagan	-1.08	1.49
irresponsible	-1.07	0.26
stubborn	-1.07	0.37
broken	-1.06	0.23
raging	-1.06	0.17
singular	-1.05	0.94
premature	-1.05	0.12
inappropriate	-1.04	0.29
boring	-1.04	0.30
veteran	-1.03	1.08
unwilling	-1.02	0.95
crumbling	-1.02	0.20
mad	-1.02	1.09
fellow	-1.02	1.03
older	-1.01	0.46
wealthy	-1.01	1.26
blind	-1.00	0.39
barbed	-0.99	0.11
criminal	-0.97	0.22
chilling	-0.97	0.45
unpredictable	-0.97	0.21
illegal	-0.97	0.14
sore	-0.96	0.25
big	-0.96	1.06
pregnant	-0.95	0.39
rusted	-0.95	0.24
younger	-0.95	0.56
foolish	-0.95	0.42
dangerous	-0.95	0.27
unbearable	-0.94	0.27
reckless	-0.94	0.29
sluggish	-0.93	0.27
moody	-0.93	0.21
soggy	-0.93	0.35
unaware	-0.92	0.21
longtime	-0.92	1.10
ill	-0.92	0.46
arab	-0.91	0.15
eccentric	-0.91	1.18
chaotic	-0.91	0.32
impaired	-0.91	0.62
childish	-0.91	0.40
insane	-0.89	0.49
indifferent	-0.89	0.33
insignificant	-0.89	0.17
unnecessary	-0.88	0.23
alarming	-0.87	0.38
aching	-0.86	0.22
gloomy	-0.86	0.42
inferior	-0.85	0.23
absurd	-0.84	0.28
dusty	-0.84	0.32
clumsy	-0.84	0.42
sticky	-0.84	0.38
strange	-0.84	0.44
isolated	-0.83	0.27
battered	-0.82	0.21
unrelated	-0.82	0.14
ominous	-0.81	0.50
recurring	-0.81	0.30
offensive	-0.80	0.16
paranoid	-0.80	0.36
sour	-0.80	0.35
mocking	-0.80	0.30
chronic	-0.79	0.21
rude	-0.79	0.41
absent	-0.78	0.20
rotting	-0.78	0.21
aging	-0.77	0.30
sickly	-0.76	0.24
guilty	-0.76	0.33
uncanny	-0.76	0.32
hysterical	-0.75	0.27
sudden	-0.75	0.36
disastrous	-0.75	1.17
harmless	-0.74	0.29
partisan	-0.74	0.13
drastic	-0.74	0.24
volatile	-0.74	0.25
limp	-0.73	0.30
preschool	-0.73	0.29
terrorist	-0.71	0.14
handicapped	-0.71	1.54
furious	-0.70	0.64
unknown	-0.70	0.13
adverse	-0.69	0.37
blackened	-0.69	0.20
extreme	-0.69	0.25
scared	-0.68	0.77
costly	-0.68	0.29
phantom	-0.68	0.18
unthinkable	-0.67	0.19
alien	-0.67	0.26
macho	-0.66	0.21
solitary	-0.66	0.18
imaginable	-0.66	0.32
brave	-0.65	0.22
damaging	-0.65	0.31
unstable	-0.65	0.19
abusive	-0.65	0.26
erratic	-0.65	0.17
underground	-0.65	0.16
stricken	-0.65	0.31
obscure	-0.65	0.11
acute	-0.64	0.24
courageous	-0.64	0.88
compressed	-0.64	0.28
drunk	-0.63	0.61
misleading	-0.63	0.18
massive	-0.63	0.36
unfamiliar	-0.62	0.26
rural	-0.62	0.55
lonesome	-0.62	0.27
oblivious	-0.62	0.32
dead	-0.62	1.04
disappointed	-0.61	1.05
barefoot	-0.61	0.34
median	-0.61	0.37
rusty	-0.61	0.24
swift	-0.61	0.23
obscene	-0.61	0.13
humble	-0.61	0.85
cynical	-0.60	0.39
thirsty	-0.60	0.49
futile	-0.60	0.21
imminent	-0.60	0.22
mysterious	-0.60	0.40
bureaucratic	-0.60	0.20
risky	-0.60	0.33
feeble	-0.59	0.30
adolescent	-0.59	0.22
enraged	-0.59	0.38
passive	-0.59	0.26
righteous	-0.59	0.15
tired	-0.59	0.64
married	-0.59	0.99
jewish	-0.58	0.27
damn	-0.58	1.11
weary	-0.58	0.49
racial	-0.58	0.12
respiratory	-0.58	0.17
difficult	-0.57	0.34
disoriented	-0.57	0.55
arbitrary	-0.56	0.14
obsessed	-0.56	0.36
eternal	-0.56	0.31
oppressive	-0.56	0.17
prevalent	-0.56	0.22
shaky	-0.56	0.39
elusive	-0.55	0.17
dizzy	-0.55	0.53
eerie	-0.55	0.44
bleak	-0.55	0.48
lingering	-0.54	1.42
deceased	-0.54	0.34
teenage	-0.54	0.41
capita	-0.54	0.28
utter	-0.54	0.22
serial	-0.54	0.13
irrelevant	-0.53	0.18
female	-0.53	0.32
concerned	-0.53	1.13
psychiatric	-0.53	0.33
unseen	-0.52	0.25
sad	-0.52	0.96
mundane	-0.52	0.23
inefficient	-0.52	0.22
magical	-0.52	0.34
awkward	-0.52	0.50
understandable	-0.51	0.15
bored	-0.51	0.59
gaping	-0.51	0.19
overwhelming	-0.51	0.23
fascinating	-0.50	0.43
complicated	-0.50	0.31
industrialized	-0.50	0.44
principal	-0.49	0.11
characteristic	-0.49	0.25
troubled	-0.49	0.36
tribal	-0.49	0.37
homosexual	-0.49	0.22
ragged	-0.49	0.33
precarious	-0.49	0.17
aggressive	-0.49	0.20
tattered	-0.48	0.38
burgeoning	-0.48	0.29
asian	-0.48	0.44
heroic	-0.48	0.15
jealous	-0.48	0.60
complex	-0.48	0.27
incomprehensible	-0.47	0.13
plain	-0.47	0.27
remote	-0.47	0.20
unwanted	-0.47	0.08
operative	-0.47	0.13
ghostly	-0.46	0.28
buddhist	-0.46	0.40
anonymous	-0.46	0.13
retarded	-0.46	1.54
wet	-0.46	0.39
familiar	-0.46	1.30
global	-0.46	0.17
bosnian	-0.46	0.11
uncertain	-0.46	0.28
harmful	-0.46	0.17
outright	-0.45	0.20
slippery	-0.45	0.42
rich	-0.45	1.13
simpler	-0.45	0.19
conspicuous	-0.45	0.16
nazi	-0.45	0.17
rickety	-0.45	0.17
profound	-0.45	0.21
harsh	-0.44	0.45
noticeable	-0.44	0.27
deliberate	-0.44	1.19
admirable	-0.44	1.03
problematic	-0.44	0.28
burnt	-0.44	0.32
prickly	-0.44	0.24
hotter	-0.43	0.20
bare	-0.43	0.35
ancient	-0.43	0.34
mock	-0.43	0.13
ethnic	-0.43	0.20
limping	-0.43	0.36
formidable	-0.43	0.21
makeshift	-0.42	0.16
idle	-0.42	0.27
male	-0.42	0.29
giant	-0.42	0.28
sled	-0.42	0.13
abrupt	-0.42	0.23
growing	-0.41	0.15
unacceptable	-0.41	0.24
stained	-0.41	0.43
repressed	-0.41	0.13
ambiguous	-0.40	0.25
hardened	-0.40	0.25
alcoholic	-0.40	0.28
crazy	-0.40	1.20
foul	-0.40	0.97
frightened	-0.40	0.69
newborn	-0.40	0.33
disgusted	-0.40	0.68
daring	-0.40	0.20
burning	-0.39	0.18
allied	-0.39	0.20
vivid	-0.39	0.46
throbbing	-0.39	0.23
incapable	-0.39	0.24
dubious	-0.38	0.28
chilean	-0.38	0.28
staggering	-0.37	0.14
nervous	-0.37	0.65
procedural	-0.37	0.22
susceptible	-0.37	0.17
southern	-0.37	0.41
african	-0.37	0.39
primitive	-0.36	1.47
simultaneous	-0.36	0.20
american	-0.36	0.40
hostile	-0.36	0.12
indistinct	-0.36	0.31
needless	-0.36	0.19
domestic	-0.36	0.18
diagnostic	-0.35	0.14
breathtaking	-0.35	1.07
faulty	-0.35	0.22
sloppy	-0.35	1.09
barren	-0.35	0.19
unclear	-0.35	0.13
piercing	-0.35	0.21
innocent	-0.34	0.17
angry	-0.34	0.71
infectious	-0.34	0.26
bankrupt	-0.34	0.19
immediate	-0.34	0.23
clearer	-0.34	0.21
unsuccessful	-0.34	0.20
liable	-0.34	0.22
random	-0.34	0.19
chevy	-0.34	0.15
weaker	-0.33	0.24
archaic	-0.33	0.18
gradual	-0.33	0.29
hungry	-0.33	0.44
mere	-0.33	0.17
mental	-0.33	0.26
lesbian	-0.33	0.17
defensive	-0.33	0.17
verbal	-0.32	0.10
definite	-0.32	0.24
continental	-0.32	0.19
epic	-0.32	0.23
multiple	-0.32	0.19
captive	-0.32	0.28
bruised	-0.32	0.28
agitated	-0.32	0.53
wrinkled	-0.32	0.43
wilder	-0.32	0.28
weird	-0.32	1.07
mobile	-0.31	0.22
surprising	-0.31	0.39
chemical	-0.31	0.22
affirmative	-0.31	0.14
disposable	-0.31	0.20
dismayed	-0.31	0.61
sole	-0.31	0.19
naked	-0.31	0.26
suburban	-0.31	0.57
inclusive	-0.31	0.19
marginal	-0.31	0.18
nonexistent	-0.31	0.10
opposing	-0.30	0.19
ordinary	-0.30	0.19
shadowy	-0.30	0.30
ongoing	-0.30	0.14
puzzling	-0.30	0.29
mute	-0.30	0.19
english	-0.30	0.33
fictional	-0.30	0.21
hebrew	-0.29	0.13
weathered	-0.29	0.22
populist	-0.29	0.18
metallic	-0.29	1.51
expensive	-0.29	0.23
bewildered	-0.29	0.63
eventual	-0.29	0.21
symbolic	-0.29	0.19
toxic	-0.29	0.22
stinging	-0.29	0.30
uneasy	-0.29	0.60
incumbent	-0.28	0.13
lowest	-0.28	0.24
artificial	-0.28	0.11
graphic	-0.28	0.20
sharp	-0.28	0.28
fiscal	-0.28	0.12
everyday	-0.28	0.18
swedish	-0.28	0.35
tactical	-0.28	0.16
lasting	-0.28	1.20
jagged	-0.28	0.18
portuguese	-0.27	0.35
skinny	-0.27	0.37
concrete	-0.27	0.21
salty	-0.27	0.46
cramped	-0.27	0.32
reminiscent	-0.27	0.35
rival	-0.27	0.17
edgy	-0.27	0.47
charred	-0.27	0.12
awesome	-0.27	0.45
deathless	-0.26	0.48
prolonged	-0.26	0.32
senior	-0.26	0.21
christian	-0.26	0.45
uniformed	-0.26	0.23
mexican	-0.26	0.44
tidal	-0.25	0.16
richest	-0.25	0.56
cardiovascular	-0.25	0.14
korean	-0.25	0.35
muslim	-0.25	0.19
fake	-0.25	0.40
cardiac	-0.25	0.18
elder	-0.25	0.28
exempt	-0.24	0.11
breathless	-0.24	0.54
apt	-0.24	0.23
palestinian	-0.24	0.10
akin	-0.24	1.24
furry	-0.24	0.26
nightly	-0.24	0.12
mid	-0.24	0.21
sacred	-0.23	0.39
bulky	-0.23	0.17
creaking	-0.23	0.27
legislative	-0.23	0.13
founding	-0.23	0.10
iraqi	-0.23	0.12
heavier	-0.23	0.24
episcopal	-0.23	0.46
crowded	-0.23	0.24
dental	-0.22	0.17
central	-0.22	0.24
serious	-0.22	0.28
sterile	-0.22	0.15
persistent	-0.22	0.33
colder	-0.22	0.23
ironic	-0.22	0.32
vice	-0.22	0.22
evangelical	-0.21	0.30
larger	-0.21	0.22
cubic	-0.21	0.16
imperial	-0.21	0.35
prosperous	-0.21	0.45
sprawling	-0.21	0.28
southeastern	-0.21	0.27
glossy	-0.21	0.33
ancestral	-0.21	0.29
radioactive	-0.21	0.16
provocative	-0.20	0.31
smaller	-0.20	0.23
swollen	-0.20	0.35
unreasonable	-0.20	0.35
commonplace	-0.20	0.34
native	-0.20	0.38
unsure	-0.20	0.59
worldwide	-0.20	0.10
damp	-0.20	0.42
nuclear	-0.20	0.09
bigger	-0.20	0.20
bearded	-0.20	0.46
administrative	-0.20	0.17
wiser	-0.20	0.23
tough	-0.20	1.05
excessive	-0.19	0.16
puffing	-0.19	0.23
indigenous	-0.19	0.31
croatian	-0.19	0.13
regional	-0.19	0.20
voluntary	-0.19	0.10
fierce	-0.19	0.13
elevated	-0.19	0.09
estimated	-0.19	0.17
peruvian	-0.19	0.23
danish	-0.19	0.32
iranian	-0.19	0.09
electrical	-0.19	0.20
interim	-0.19	0.29
stringent	-0.19	0.24
tibetan	-0.19	0.08
shrill	-0.19	0.31
islamic	-0.19	0.15
italian	-0.19	0.36
metropolitan	-0.18	0.43
urgent	-0.18	0.18
juvenile	-0.18	0.19
lame	-0.18	0.96
partial	-0.18	0.13
indian	-0.18	0.31
tangled	-0.18	0.25
periodic	-0.18	0.12
parental	-0.18	0.12
cosmic	-0.18	0.29
radical	-0.18	0.14
general	-0.18	0.23
flipping	-0.18	0.13
armed	-0.18	0.15
broader	-0.18	0.09
religious	-0.18	0.33
taller	-0.17	0.22
flaming	-0.17	0.19
israeli	-0.17	0.11
declining	-0.17	0.11
astonishing	-0.17	1.32
comic	-0.17	1.15
sexual	-0.17	0.13
overgrown	-0.17	0.20
economic	-0.17	0.14
dazed	-0.17	0.55
statewide	-0.17	0.12
consecutive	-0.17	0.12
roman	-0.16	0.36
industrial	-0.16	0.19
statutory	-0.16	0.07
ashamed	-0.16	0.65
legal	-0.16	0.09
perverse	-0.16	0.24
toughest	-0.16	0.31
oldest	-0.16	0.32
persuasive	-0.16	0.24
assorted	-0.16	0.18
assistant	-0.16	0.16
automated	-0.16	0.11
inc	-0.16	0.11
enduring	-0.16	0.28
electric	-0.15	0.17
spiritual	-0.15	0.35
northeastern	-0.15	0.27
devoid	-0.15	0.24
interstate	-0.15	0.07
irish	-0.15	0.44
innate	-0.15	0.18
downwind	-0.15	0.08
prone	-0.15	0.13
stellar	-0.15	0.10
customary	-0.15	0.15
funny	-0.15	1.12
turkish	-0.15	0.16
evident	-0.14	0.14
eastern	-0.14	0.21
nearest	-0.14	0.18
flimsy	-0.14	0.12
german	-0.14	0.24
militant	-0.14	0.14
electoral	-0.14	0.10
empty	-0.14	0.24
exasperated	-0.14	0.65
poignant	-0.14	0.21
obvious	-0.14	0.21
civil	-0.14	0.18
hypothetical	-0.14	0.18
flawed	-0.14	0.19
czech	-0.14	0.27
slick	-0.14	0.35
vocal	-0.14	0.13
daunting	-0.14	0.32
keen	-0.14	0.27
airborne	-0.14	0.10
northern	-0.14	0.21
residential	-0.13	0.36
smug	-0.13	0.52
explosive	-0.13	0.17
inconsistent	-0.13	0.26
indoor	-0.13	0.21
thicker	-0.13	0.19
heightened	-0.13	0.15
negative	-0.13	0.22
demographic	-0.13	0.10
frantic	-0.13	0.25
reproductive	-0.13	0.21
nonprofit	-0.13	0.21
northwestern	-0.13	0.14
thinner	-0.13	0.19
comparative	-0.13	0.26
junior	-0.12	0.17
brazilian	-0.12	0.18
european	-0.12	0.23
latin	-0.12	0.25
distorted	-0.12	0.17
western	-0.12	0.20
jared	-0.12	0.08
trivial	-0.12	0.13
french	-0.12	0.28
alternate	-0.12	0.18
stray	-0.12	0.22
ottoman	-0.12	0.11
parliamentary	-0.11	0.15
planetary	-0.11	0.11
russian	-0.11	0.22
specialized	-0.11	0.13
magnetic	-0.11	0.07
marvelous	-0.11	1.18
jesuit	-0.11	0.24
obsolete	-0.11	0.10
annoying	-0.11	0.93
grand	-0.11	0.18
stiff	-0.11	0.23
ceramic	-0.11	0.24
invisible	-0.11	0.12
political	-0.11	0.11
communal	-0.11	0.15
japanese	-0.10	0.27
subsequent	-0.10	0.19
ballistic	-0.10	0.15
shallow	-0.10	0.17
democratic	-0.10	0.15
fastest	-0.10	0.33
austrian	-0.10	0.22
elastic	-0.10	0.22
overweight	-0.10	0.48
spanish	-0.10	0.25
immune	-0.10	0.15
emotional	-0.10	0.10
mechanical	-0.10	0.14
thriving	-0.10	0.14
sullen	-0.10	0.38
biggest	-0.10	0.40
awake	-0.10	0.50
progressive	-0.10	0.14
bottled	-0.10	0.11
mammoth	-0.10	0.14
sheer	-0.10	0.31
shorter	-0.10	0.18
inflated	-0.10	0.11
tangible	-0.09	0.24
ecological	-0.09	0.28
sharper	-0.09	0.16
modern	-0.09	0.19
motionless	-0.09	0.33
entire	-0.09	0.27
whitewater	-0.09	0.20
baggy	-0.09	0.41
medieval	-0.09	0.25
wider	-0.09	0.15
cardboard	-0.09	0.21
mystical	-0.09	0.32
uncomfortable	-0.09	0.62
bustling	-0.09	0.17
wholesale	-0.09	0.14
authoritarian	-0.09	0.15
naive	-0.09	0.45
inner	-0.09	0.22
medical	-0.09	0.14
lengthy	-0.09	0.24
distinct	-0.09	0.15
anomalous	-0.09	0.13
lone	-0.08	0.13
forensic	-0.08	0.12
vanishing	-0.08	0.18
countless	-0.08	0.12
soviet	-0.08	0.14
perennial	-0.08	0.17
momentary	-0.08	0.19
territorial	-0.08	0.06
linguistic	-0.08	0.10
distinguished	-0.08	0.21
managing	-0.08	0.10
conscious	-0.08	0.22
deeper	-0.08	0.12
foreign	-0.08	0.16
greek	-0.08	0.20
competitive	-0.08	0.15
polish	-0.08	0.35
military	-0.08	0.09
feminist	-0.08	0.16
binding	-0.07	0.29
atomic	-0.07	0.07
dense	-0.07	0.20
apparent	-0.07	0.17
frayed	-0.07	0.36
feasible	-0.07	0.21
occasional	-0.07	0.32
spare	-0.07	0.22
retail	-0.07	0.14
underlying	-0.07	0.20
earliest	-0.07	0.20
saturated	-0.07	0.14
physiological	-0.07	0.10
endless	-0.07	0.18
hungarian	-0.07	0.28
cuban	-0.07	0.47
protestant	-0.06	0.27
scottish	-0.06	0.28
secondary	-0.06	0.16
biblical	-0.06	0.36
postwar	-0.06	0.17
pervasive	-0.06	0.09
implicit	-0.06	0.18
judicial	-0.06	0.17
selective	-0.06	0.15
smoky	-0.06	0.42
actual	-0.06	0.26
explicit	-0.06	0.14
oral	-0.06	0.14
main	-0.06	0.17
parallel	-0.06	0.15
varied	-0.06	0.28
tougher	-0.05	0.25
environmental	-0.05	0.18
organic	-0.05	0.21
solar	-0.05	0.12
doubtful	-0.05	0.28
differing	-0.05	0.24
impatient	-0.05	0.54
dramatic	-0.05	0.30
indirect	-0.05	0.17
major	-0.05	0.27
public	-0.05	0.13
revolutionary	-0.05	0.25
fleeting	-0.05	0.25
multicultural	-0.05	0.16
dominant	-0.05	0.12
conservative	-0.05	0.13
projected	-0.04	0.16
orbital	-0.04	0.08
official	-0.04	0.18
penetrating	-0.04	0.18
blunt	-0.04	0.14
speculative	-0.04	0.16
infrared	-0.04	0.16
downtown	-0.04	0.27
fuzzy	-0.04	0.27
orthodox	-0.04	0.42
likely	-0.04	0.38
frequent	-0.04	0.16
super	-0.04	0.19
comparable	-0.04	0.16
widespread	-0.04	0.14
lifelong	-0.04	0.20
atmospheric	-0.04	0.17
preventive	-0.04	0.17
unspoken	-0.04	0.16
theological	-0.04	0.23
internal	-0.03	0.16
distinctive	-0.03	0.25
volcanic	-0.03	0.11
probing	-0.03	0.29
shredded	-0.03	0.18
monthly	-0.03	0.13
collective	-0.03	0.14
foremost	-0.03	0.28
darker	-0.03	0.17
potential	-0.03	0.29
immense	-0.03	0.35
vietnamese	-0.03	0.26
capitalist	-0.03	0.09
grizzly	-0.03	0.17
cherokee	-0.03	0.23
daily	-0.03	0.13
baltic	-0.03	0.16
incoming	-0.03	0.13
influential	-0.03	0.28
different	-0.03	0.22
huge	-0.03	0.26
international	-0.03	0.09
congressional	-0.03	0.09
crested	-0.03	0.18
average	-0.03	0.18
welsh	-0.03	0.21
cognitive	-0.02	0.16
humanitarian	-0.02	0.09
extravagant	-0.02	0.19
suspicious	-0.02	0.58
exterior	-0.02	0.13
marguerite	-0.02	0.23
unruly	-0.02	0.38
holy	-0.02	0.49
federal	-0.02	0.14
financial	-0.02	0.20
lighter	-0.02	0.18
accompanying	-0.02	0.14
secular	-0.02	0.30
governmental	-0.02	0.11
australian	-0.02	0.28
social	-0.02	0.12
offshore	-0.02	0.06
animated	-0.02	0.18
khaki	-0.02	0.48
presidential	-0.02	0.11
winged	-0.01	0.43
constitutional	-0.01	0.17
recreational	-0.01	0.19
spontaneous	-0.01	0.25
rubber	-0.01	0.14
marxist	-0.01	0.09
treacherous	-0.01	0.23
polar	-0.01	0.14
insufficient	-0.01	0.24
muffled	-0.01	0.52
raw	-0.01	0.08
ultraviolet	-0.01	0.10
chipped	-0.01	0.17
total	-0.01	0.32
spiral	-0.01	0.10
generic	-0.01	0.20
separate	-0.01	0.07
exciting	-0.01	0.37
hazy	-0.01	0.39
institutional	-0.00	0.10
existing	-0.00	0.16
regulatory	-0.00	0.11
latest	-0.00	0.24
computerized	-0.00	0.16
significant	-0.00	0.23
recent	0.00	0.13
prime	0.00	0.06
curious	0.00	0.55
chinese	0.00	0.25
molten	0.00	0.24
tremendous	0.00	0.30
ideological	0.00	0.12
unlikely	0.00	0.22
steep	0.00	0.17
astonished	0.00	0.62
pending	0.00	0.11
sly	0.00	0.35
adaptive	0.00	0.09
psychological	0.00	0.12
hilly	0.01	1.09
bourgeois	0.01	0.30
socialist	0.01	0.11
worthy	0.01	0.25
irregular	0.01	0.12
easier	0.01	0.31
untouched	0.01	0.21
wee	0.01	0.24
moral	0.01	0.19
absolute	0.01	1.55
fatty	0.01	0.17
martian	0.01	0.19
suggestive	0.01	0.19
technological	0.01	0.12
photographic	0.01	0.10
agricultural	0.01	0.13
clinical	0.01	0.09
vast	0.01	0.23
armored	0.01	0.10
ethical	0.01	0.18
allergic	0.02	1.20
rocky	0.02	0.16
simplest	0.02	0.34
noisy	0.02	0.39
annoyed	0.02	0.73
unprecedented	0.02	0.24
visual	0.02	0.16
surplus	0.02	0.12
similar	0.02	0.24
bodily	0.02	0.06
dutch	0.02	0.29
consulting	0.02	0.14
regular	0.02	0.23
annual	0.03	0.14
bolivian	0.03	0.22
lutheran	0.03	0.34
mandatory	0.03	0.13
surviving	0.03	0.29
physical	0.03	0.12
marital	0.03	0.18
defiant	0.03	0.42
centralized	0.03	0.14
beloved	0.03	0.23
longest	0.03	0.19
cultural	0.03	0.13
palpable	0.03	0.17
transitional	0.03	0.39
british	0.03	0.27
venerable	0.03	0.14
newer	0.03	0.13
sleepy	0.03	0.55
statistical	0.03	0.20
successive	0.03	0.23
ambient	0.04	0.14
quarterly	0.04	0.09
canadian	0.04	0.21
cluttered	0.04	0.22
slightest	0.04	0.33
celestial	0.04	0.28
promotional	0.04	0.18
richer	0.04	0.30
catholic	0.04	0.34
impossible	0.04	0.38
oriental	0.05	0.25
hind	0.05	0.22
conventional	0.05	0.17
composite	0.05	0.12
hollow	0.05	0.24
incorrect	0.05	0.23
typical	0.05	0.17
systematic	0.05	0.15
editorial	0.05	0.10
louder	0.05	0.31
miraculous	0.05	0.38
attentive	0.05	1.08
grassy	0.05	0.15
intense	0.05	0.22
tall	0.05	0.46
sizable	0.05	0.22
highest	0.06	0.28
liturgical	0.06	0.33
rumpled	0.06	0.40
surgical	0.06	0.13
corporate	0.06	0.10
resistant	0.06	0.19
sentimental	0.06	0.15
upper	0.06	0.15
primary	0.06	0.16
elementary	0.06	0.12
nationalist	0.06	0.20
serbian	0.06	0.19
somber	0.06	0.34
amazed	0.06	0.70
incredible	0.06	0.34
puzzled	0.07	0.68
southwestern	0.07	0.21
hot	0.07	0.38
communist	0.07	0.18
intrinsic	0.07	0.10
dual	0.07	0.13
personal	0.07	0.19
conceptual	0.07	0.18
caribbean	0.07	0.28
varying	0.07	0.17
seismic	0.07	0.16
unused	0.07	0.13
particular	0.07	0.26
softer	0.07	0.23
various	0.07	0.18
tabloid	0.07	0.21
amused	0.07	0.59
vacant	0.07	0.19
key	0.07	0.21
norwegian	0.07	0.27
aware	0.07	0.45
ruling	0.07	0.14
sweeping	0.07	0.14
deepest	0.07	0.16
notable	0.07	0.21
methodist	0.07	0.26
unified	0.07	0.13
visible	0.08	0.18
squat	0.08	0.20
diplomatic	0.08	0.06
rough	0.08	0.23
smarter	0.08	0.24
corresponding	0.08	0.16
frozen	0.08	0.25
imaginary	0.08	0.20
applicable	0.08	0.12
botanical	0.08	0.35
protective	0.08	0.15
ceremonial	0.08	0.33
virtual	0.08	0.19
technical	0.08	0.11
detailed	0.09	0.26
enormous	0.09	0.30
genuine	0.09	0.23
coordinated	0.09	0.09
presbyterian	0.09	0.20
pastoral	0.09	0.27
imposing	0.09	0.13
easiest	0.09	0.32
private	0.09	0.19
additional	0.09	0.13
optical	0.09	0.08
municipal	0.09	0.12
egyptian	0.09	0.20
occupational	0.10	0.17
intellectual	0.10	0.10
behavioral	0.10	0.12
narrow	0.10	0.18
ambitious	0.10	0.22
uneven	0.10	0.20
diverse	0.10	0.15
fledgling	0.10	0.11
rear	0.10	0.16
facial	0.10	0.32
charitable	0.10	0.13
milky	0.10	0.25
fiery	0.10	0.20
advanced	0.10	0.11
arid	0.10	0.11
challenging	0.10	0.26
yearly	0.10	0.15
undercover	0.10	0.23
perceptual	0.10	0.14
automatic	0.10	0.16
folding	0.11	0.19
developmental	0.11	0.13
greater	0.11	0.22
current	0.11	0.14
revised	0.11	0.13
intermediate	0.11	0.16
mystic	0.11	0.26
triple	0.11	0.13
sparse	0.11	0.27
striking	0.11	0.29
upcoming	0.11	0.13
prevailing	0.11	0.12
bold	0.11	0.14
unconscious	0.11	0.13
local	0.11	0.16
loose	0.11	0.20
slight	0.11	0.26
arctic	0.11	0.18
amateur	0.11	0.14
winding	0.12	0.13
identical	0.12	0.17
biological	0.12	0.19
higher	0.12	0.10
commercial	0.12	0.18
liberal	0.12	0.12
ripe	0.12	0.30
shabby	0.12	0.26
hefty	0.12	0.18
independent	0.12	0.19
sensory	0.12	0.10
inspiring	0.12	0.36
final	0.12	0.23
uncommon	0.12	0.22
nude	0.12	0.23
iced	0.12	0.21
thermal	0.12	0.09
preliminary	0.12	0.13
overall	0.12	0.12
melancholy	0.13	0.40
largest	0.13	0.19
lower	0.13	0.09
insistent	0.13	0.24
shaggy	0.13	0.33
anxious	0.13	0.67
baptist	0.13	0.25
confidential	0.13	0.23
geological	0.13	0.12
outer	0.13	0.15
witty	0.13	0.21
relative	0.13	0.26
neural	0.13	0.14
legitimate	0.13	0.14
hoarse	0.13	0.25
miniature	0.13	0.23
nearby	0.14	0.15
smallest	0.14	0.15
incomplete	0.14	0.23
real	0.14	1.30
kerkorian	0.14	0.12
hazardous	0.14	0.12
menacing	0.14	0.32
wooded	0.14	0.17
coastal	0.14	0.16
stainless	0.14	0.30
irresistible	0.14	0.27
extinct	0.14	0.18
swiss	0.14	0.22
dear	0.14	0.85
mutual	0.14	0.27
traditional	0.15	0.23
extensive	0.15	0.15
ukrainian	0.15	0.28
molecular	0.15	0.16
brighter	0.15	0.16
reformed	0.15	0.26
leftover	0.15	0.32
faint	0.15	0.59
pungent	0.15	0.33
rearing	0.15	0.10
equal	0.15	0.24
lunar	0.15	0.10
respective	0.15	0.15
affordable	0.15	0.44
considerable	0.15	0.23
false	0.15	0.23
permanent	0.16	0.13
reluctant	0.16	0.50
individual	0.16	0.14
newest	0.16	0.16
wrong	0.16	1.22
thrilling	0.16	0.36
cherished	0.16	0.17
exclusive	0.16	0.25
exaggerated	0.16	0.18
pharmaceutical	0.16	0.14
scholarly	0.16	0.09
excess	0.16	0.16
genetic	0.16	0.21
olympic	0.16	0.07
joint	0.16	0.11
ubiquitous	0.16	0.16
culinary	0.16	0.13
geographic	0.16	0.11
constant	0.16	0.20
interstellar	0.16	0.10
brooding	0.16	0.21
continuous	0.17	0.20
direct	0.17	0.15
increasing	0.17	0.21
civilian	0.17	0.14
remaining	0.17	0.17
standardized	0.17	0.10
cute	0.17	0.53
previous	0.17	0.11
strategic	0.17	0.10
external	0.17	0.22
martial	0.17	0.15
cellular	0.17	0.18
modernist	0.17	0.09
mainstream	0.17	0.18
premier	0.17	0.15
favorable	0.17	1.23
adjoining	0.17	0.18
experimental	0.18	0.11
eager	0.18	1.07
theatrical	0.18	0.16
numerous	0.18	0.18
silly	0.18	0.95
fearful	0.18	0.64
auburn	0.18	0.33
empirical	0.18	0.13
large	0.18	0.22
monetary	0.18	0.20
plausible	0.18	0.28
persian	0.18	0.11
hairy	0.18	0.37
entrenched	0.18	0.14
masculine	0.18	0.13
inherent	0.18	0.23
aesthetic	0.19	0.08
thick	0.19	0.30
dim	0.19	0.37
colonial	0.19	0.19
scientific	0.19	0.13
deep	0.19	0.22
brief	0.19	0.18
blank	0.19	0.39
stubby	0.19	0.28
historical	0.19	0.12
bony	0.19	0.33
wiry	0.20	0.38
murky	0.20	0.17
academic	0.20	0.16
heavy	0.20	0.21
stronger	0.20	0.22
classic	0.20	0.19
hottest	0.20	0.15
restless	0.20	0.47
evolutionary	0.20	0.17
lumpy	0.20	0.26
naval	0.20	0.12
unfair	0.20	0.78
associate	0.20	0.16
controversial	0.20	0.17
civic	0.20	0.13
satisfied	0.20	1.22
geographical	0.20	0.18
compatible	0.20	0.16
coarse	0.21	0.36
lucrative	0.21	0.27
investigative	0.21	0.17
retrospective	0.21	0.11
decisive	0.21	0.15
crooked	0.21	0.21
towering	0.21	0.11
healthier	0.21	0.30
wooden	0.21	0.24
causal	0.21	0.16
monumental	0.21	0.22
outdoor	0.22	0.26
subtle	0.22	0.16
oval	0.22	0.38
soaring	0.22	0.12
comprehensive	0.22	0.21
erotic	0.22	0.12
opposite	0.22	0.16
operational	0.22	0.12
advisory	0.22	0.23
pro	0.22	0.18
electronic	0.22	0.19
contradictory	0.22	0.23
strict	0.23	0.13
human	0.23	0.16
subjective	0.23	0.17
functional	0.23	0.13
commanding	0.23	0.15
small	0.23	0.24
enlightened	0.23	0.17
poetic	0.23	0.26
inclined	0.24	0.24
specific	0.24	0.26
warmer	0.24	0.21
extra	0.24	0.11
unofficial	0.24	0.16
integral	0.24	0.16
homemade	0.24	0.14
slim	0.24	0.46
outstretched	0.24	0.32
drab	0.24	0.34
literal	0.24	0.23
correct	0.24	0.31
sovereign	0.25	0.18
recycled	0.25	0.08
universal	0.25	0.32
gothic	0.25	0.14
quieter	0.25	0.21
answering	0.25	0.19
interactive	0.25	0.13
embarrassed	0.25	0.73
cheap	0.25	0.23
free	0.25	0.21
spatial	0.25	0.19
avid	0.25	0.27
adjacent	0.25	0.13
hesitant	0.25	0.51
stationary	0.26	0.18
other	0.26	0.23
legendary	0.26	0.27
intensive	0.26	0.11
high	0.26	0.09
philosophical	0.26	0.15
tighter	0.26	0.19
full	0.26	0.22
theoretical	0.26	0.14
crucial	0.27	0.17
national	0.27	0.22
diminishing	0.27	0.19
icy	0.27	0.43
wary	0.27	0.46
involved	0.27	0.31
unlimited	0.27	0.23
fresh	0.27	0.19
floral	0.28	0.20
dynamic	0.28	0.23
classical	0.28	0.20
audio	0.28	0.21
hard	0.28	1.17
jj	0.28	0.19
weekly	0.28	0.12
infinite	0.28	0.30
extraordinary	0.28	0.38
astronomical	0.28	0.19
structural	0.28	0.21
paramount	0.28	0.12
passionate	0.28	0.18
willing	0.28	0.46
recognizable	0.28	0.21
promising	0.29	0.25
angular	0.29	0.36
prominent	0.29	0.18
dried	0.29	0.21
husky	0.29	0.24
tanned	0.29	0.48
initial	0.29	0.14
strongest	0.30	0.25
sunken	0.30	0.18
taut	0.30	0.35
intuitive	0.30	0.18
musical	0.30	0.16
rigorous	0.30	0.20
mediterranean	0.30	0.22
accessible	0.30	0.45
reflective	0.30	0.19
disappointing	0.30	0.73
convincing	0.30	0.26
intact	0.31	0.25
educational	0.31	0.18
quaint	0.31	0.19
professional	0.31	0.15
focal	0.31	0.16
moist	0.31	0.34
oblique	0.31	0.22
timely	0.31	0.16
therapeutic	0.32	0.13
digital	0.32	0.19
fragile	0.32	0.23
reddish	0.32	0.39
rigid	0.32	0.20
stately	0.32	0.25
cheaper	0.32	0.13
slender	0.32	0.52
marine	0.32	0.18
imported	0.32	0.12
shadowed	0.32	0.29
long	0.32	0.35
rapid	0.33	0.18
contemporary	0.33	0.20
watery	0.33	0.31
qualitative	0.33	0.15
remarkable	0.33	0.36
fundamental	0.33	0.22
literary	0.33	0.17
organizational	0.34	0.14
bland	0.34	0.41
magnificent	0.34	0.49
audible	0.34	0.48
prized	0.34	0.19
short	0.35	0.36
booming	0.35	0.12
autonomous	0.35	0.24
quick	0.35	0.28
entrepreneurial	0.35	0.20
thin	0.35	0.34
canned	0.35	0.18
snowy	0.35	0.18
solemn	0.35	0.33
sensual	0.36	0.19
secret	0.36	1.36
farthest	0.36	0.12
scenic	0.36	0.18
imaginative	0.36	0.16
circular	0.36	0.21
smart	0.36	0.42
provisional	0.36	0.20
limited	0.36	0.16
substantial	0.36	0.19
mashed	0.37	0.27
bald	0.37	0.34
licensed	0.37	0.15
advancing	0.37	0.14
irrational	0.37	0.27
skeptical	0.37	0.46
scant	0.37	0.28
scarce	0.37	0.23
curly	0.37	0.41
supreme	0.38	0.21
flat	0.38	0.23
present	0.38	0.25
braided	0.38	0.37
stout	0.38	0.33
accountable	0.38	0.25
collaborative	0.38	0.14
expansive	0.38	0.24
instructional	0.38	0.19
memorable	0.38	0.29
complementary	0.38	0.15
meaningful	0.39	0.21
artistic	0.39	0.15
horizontal	0.39	0.21
low	0.39	0.21
afraid	0.39	1.05
asleep	0.39	0.50
optional	0.39	0.16
sloping	0.39	0.26
floppy	0.40	0.31
spectacular	0.40	0.32
silent	0.40	0.35
relevant	0.40	0.16
striped	0.40	0.41
sophisticated	0.40	0.13
guiding	0.41	0.18
tense	0.41	0.59
rugged	0.41	0.29
important	0.41	0.24
wide	0.41	0.21
honorable	0.41	0.27
rhetorical	0.41	0.09
expressive	0.41	0.08
synthetic	0.41	0.24
perpetual	0.41	0.08
integrated	0.41	0.20
open	0.42	0.10
preoccupied	0.42	0.41
thai	0.42	0.17
brightest	0.42	0.22
cold	0.42	0.42
toasted	0.42	0.15
slow	0.42	0.24
indispensable	0.43	0.18
diving	0.43	0.11
blond	0.43	0.46
sensitive	0.43	0.26
shy	0.43	0.48
pained	0.43	0.47
oversized	0.43	0.24
freckled	0.43	0.46
realistic	0.43	0.13
historic	0.43	0.16
hybrid	0.44	0.23
original	0.44	0.33
broad	0.44	0.19
maximum	0.44	0.21
alpine	0.44	0.25
muscular	0.44	0.44
sympathetic	0.44	0.35
appealing	0.44	0.22
athletic	0.44	0.20
greatest	0.44	0.38
shrewd	0.44	0.25
compelling	0.44	0.26
impressive	0.45	0.28
flexible	0.45	0.11
patriotic	0.45	0.14
popular	0.45	0.24
gloved	0.45	0.16
abstract	0.45	0.24
surprised	0.46	0.78
sporting	0.46	0.06
layered	0.46	0.22
new	0.46	0.19
clever	0.46	0.22
closest	0.46	0.23
dietary	0.46	0.18
powerful	0.47	0.24
gray	0.47	0.49
shady	0.47	0.10
transparent	0.47	0.16
triumphant	0.47	0.26
grey	0.47	0.40
authentic	0.47	0.19
dignified	0.47	0.31
famous	0.47	0.24
fluffy	0.47	0.33
acclaimed	0.48	0.26
critical	0.48	0.21
rectangular	0.48	0.23
onstage	0.48	0.21
elaborate	0.48	0.16
straightforward	0.49	0.21
skilled	0.49	0.27
youthful	0.49	0.24
misty	0.49	0.33
majestic	0.49	0.38
possible	0.49	0.34
online	0.49	0.12
airy	0.50	0.27
darkened	0.50	0.31
intriguing	0.50	0.99
brittle	0.51	0.22
compact	0.51	0.22
valuable	0.51	0.19
utilitarian	0.51	0.15
certified	0.51	0.19
flickering	0.51	0.37
desirable	0.51	0.20
early	0.51	0.22
essential	0.52	0.24
endangered	0.52	0.27
cooperative	0.52	0.20
renowned	0.52	0.21
vigorous	0.52	0.17
charismatic	0.53	0.20
static	0.53	0.37
blonde	0.53	0.52
mathematical	0.53	0.31
linear	0.54	0.22
minimal	0.54	0.21
standard	0.54	0.17
necessary	0.55	0.24
valid	0.55	0.23
minimum	0.55	0.16
lighted	0.55	0.24
unusual	0.56	0.86
vital	0.56	0.11
sorry	0.56	1.17
wild	0.56	0.22
intricate	0.56	0.27
profitable	0.56	0.23
safer	0.57	0.25
provincial	0.57	1.06
appropriate	0.57	0.20
sturdy	0.57	0.29
renewed	0.57	0.14
hushed	0.57	0.53
pragmatic	0.57	0.12
seasonal	0.57	0.21
thorough	0.58	0.14
viable	0.58	0.18
black	0.58	0.57
flowering	0.58	0.29
puffy	0.58	0.37
herbal	0.59	0.13
tiny	0.59	0.37
adept	0.59	0.33
credible	0.60	0.23
sustainable	0.60	0.16
opaque	0.60	0.33
logical	0.60	0.19
playful	0.60	0.23
certain	0.60	0.30
architectural	0.60	0.30
lively	0.60	0.17
sufficient	0.60	0.23
goofy	0.60	0.90
aspiring	0.61	0.24
starched	0.61	0.34
rippling	0.61	0.41
spirited	0.61	0.21
tan	0.61	0.48
sweet	0.61	0.31
rhythmic	0.61	0.25
dry	0.62	0.28
roasted	0.62	0.24
silky	0.62	0.42
acceptable	0.63	0.24
responsible	0.63	0.33
moderate	0.63	0.31
nutritional	0.63	0.18
dark	0.63	0.41
fried	0.64	0.24
olive	0.65	0.19
fond	0.65	0.51
embroidered	0.65	0.43
rustic	0.65	0.27
alert	0.66	0.41
encouraging	0.66	0.44
frigid	0.66	0.48
stark	0.66	0.90
sober	0.66	0.40
mature	0.66	0.33
predictable	0.66	0.33
worthwhile	0.67	0.29
victorian	0.68	0.18
prestigious	0.68	0.30
fancy	0.68	0.21
informal	0.68	0.16
padded	0.68	0.23
cautious	0.68	0.29
mighty	0.68	0.84
fashionable	0.69	0.32
shimmering	0.69	0.44
optimal	0.69	0.27
wondrous	0.69	0.88
efficient	0.69	0.19
creative	0.70	0.18
disciplined	0.70	0.25
curved	0.70	0.40
fluorescent	0.71	0.37
chilly	0.71	0.45
luminous	0.72	0.44
spicy	0.72	0.32
round	0.73	0.48
consistent	0.73	0.16
favorite	0.73	0.29
tentative	0.73	0.32
handsome	0.73	0.40
patterned	0.73	0.39
rational	0.73	0.19
flowered	0.73	0.49
coherent	0.74	0.19
unmistakable	0.74	0.19
wise	0.74	0.25
robust	0.74	0.18
active	0.74	0.24
clean	0.74	0.33
special	0.75	0.25
aquatic	0.75	0.31
timeless	0.75	0.20
practical	0.75	0.18
sheltered	0.75	0.37
busy	0.75	0.84
lush	0.76	0.37
freezing	0.76	0.39
inexpensive	0.76	0.13
tolerant	0.76	0.35
blinding	0.76	0.38
fragrant	0.76	0.32
durable	0.77	0.20
effective	0.77	0.28
unexpected	0.77	0.90
stunning	0.78	0.38
exotic	0.78	0.21
colorful	0.79	0.20
ornate	0.79	0.25
excited	0.79	1.10
wry	0.79	0.73
successful	0.79	0.30
beige	0.79	0.45
baked	0.80	0.25
translucent	0.80	0.51
windy	0.80	0.50
reasonable	0.81	0.16
dazzling	0.82	0.44
turquoise	0.82	0.56
white	0.82	0.54
late	0.83	0.35
prudent	0.83	0.24
gilded	0.83	0.38
juicy	0.83	0.44
formal	0.83	0.18
alternative	0.84	0.18
optimistic	0.84	0.81
accurate	0.84	0.24
plush	0.84	0.23
lucky	0.85	0.89
positive	0.85	0.27
lightweight	0.86	0.10
productive	0.86	0.29
roast	0.86	0.31
cloudy	0.88	0.46
solid	0.88	0.20
civilized	0.88	0.30
neutral	0.88	0.42
unfinished	0.88	0.87
giddy	0.89	1.07
reliable	0.90	0.21
powdered	0.90	0.20
enthusiastic	0.90	0.37
grilled	0.91	0.25
terrific	0.92	0.95
tropical	0.92	0.27
useful	0.92	0.25
innovative	0.93	0.23
colored	0.93	0.52
earnest	0.94	0.29
rare	0.95	0.27
comforting	0.95	0.34
silvery	0.95	0.46
suitable	0.95	0.24
glowing	0.95	0.52
tidy	0.96	0.23
pleasing	0.96	1.08
soft	0.97	0.40
soy	0.97	0.21
generous	0.97	0.29
matching	0.97	0.33
glistening	0.97	0.57
attractive	0.98	0.16
decorative	0.99	0.29
scarlet	1.00	0.58
maiden	1.01	0.97
superior	1.01	0.86
creamy	1.01	0.49
antique	1.02	0.29
brown	1.02	0.57
pastel	1.02	0.36
potent	1.03	0.85
fertile	1.03	0.83
convenient	1.03	0.20
energetic	1.04	0.26
upstate	1.04	0.97
satisfactory	1.04	0.24
seductive	1.04	0.28
sensible	1.05	0.21
vibrant	1.05	0.26
easy	1.06	0.45
economical	1.06	0.19
interesting	1.06	0.65
tame	1.07	0.64
sure	1.07	1.22
supposed	1.07	1.19
red	1.07	0.57
clear	1.08	0.28
placid	1.08	0.44
meager	1.08	0.81
phony	1.09	0.89
temporary	1.10	0.94
happiest	1.10	0.70
glittering	1.10	0.46
subdued	1.10	0.53
orange	1.10	0.57
stylish	1.10	0.18
blue	1.10	0.58
delighted	1.10	0.98
crimson	1.11	0.63
tender	1.11	0.35
careful	1.11	0.34
capable	1.13	0.29
portable	1.13	1.00
green	1.13	0.57
versatile	1.13	0.23
yellow	1.15	0.61
purple	1.16	0.63
orderly	1.16	0.25
amber	1.16	0.48
stable	1.16	0.30
brisk	1.17	0.28
pale	1.17	0.59
shiny	1.17	0.56
respectful	1.17	0.37
thoughtful	1.17	0.40
sleek	1.19	0.54
vertical	1.19	1.01
delicious	1.19	0.26
warm	1.20	0.44
pleased	1.20	1.04
exact	1.21	1.06
luxurious	1.21	0.27
tart	1.21	0.83
instrumental	1.22	0.70
interested	1.22	0.90
spacious	1.22	0.34
great	1.23	0.84
intelligent	1.23	0.22
decent	1.23	0.89
basic	1.25	0.98
single	1.25	1.03
normal	1.26	0.87
hopeful	1.26	0.84
cool	1.28	0.38
psychic	1.28	0.90
muted	1.29	1.14
relentless	1.29	0.81
reassuring	1.30	0.49
ample	1.30	0.94
unique	1.31	0.82
sane	1.31	0.75
usual	1.31	1.08
definitive	1.32	0.93
rewarding	1.33	0.67
available	1.34	0.90
panty	1.34	0.65
sparkling	1.36	0.34
complete	1.36	1.01
plentiful	1.36	0.90
dreamy	1.36	0.67
eclectic	1.36	0.77
mild	1.38	1.08
bright	1.39	0.49
outstanding	1.41	0.87
pure	1.41	0.98
ready	1.41	0.86
preceding	1.42	0.85
glorious	1.42	0.70
abundant	1.43	0.91
double	1.44	0.95
loyal	1.44	0.92
visionary	1.46	0.87
adequate	1.46	0.76
supportive	1.47	1.10
precious	1.47	0.81
stimulating	1.47	0.76
royal	1.49	1.00
natural	1.50	1.00
respectable	1.53	0.65
humid	1.53	1.08
strong	1.53	0.69
satisfying	1.55	0.74
thankful	1.55	0.85
lavish	1.56	0.75
sincere	1.56	0.62
beneficial	1.57	0.80
romantic	1.57	0.74
rosy	1.57	1.21
intimate	1.58	0.77
merry	1.59	0.65
dull	1.59	1.04
plump	1.60	1.14
feminine	1.61	0.87
pristine	1.61	0.91
ideal	1.61	0.84
charming	1.62	0.63
gracious	1.62	0.61
rainy	1.62	1.11
incompatible	1.64	0.98
finest	1.65	0.78
healthy	1.65	0.77
close	1.65	0.68
superb	1.66	0.76
proper	1.66	0.86
seasoned	1.66	0.69
faithful	1.66	1.12
proprietary	1.67	0.80
splendid	1.67	0.55
geometric	1.67	1.03
vegetarian	1.68	0.83
delicate	1.72	1.04
safe	1.73	0.86
soothing	1.73	1.06
fair	1.75	0.74
simple	1.75	0.89
precise	1.76	0.92
chic	1.77	0.77
sexy	1.78	0.60
gifted	1.78	0.75
proud	1.79	0.83
talented	1.81	0.69
responsive	1.83	0.88
smooth	1.83	0.93
neat	1.86	0.57
heavenly	1.86	0.89
glad	1.87	0.84
happier	1.87	1.01
graceful	1.88	1.03
grateful	1.88	0.84
knowledgeable	1.88	0.77
forthcoming	1.90	0.77
modest	1.90	0.67
friendly	1.92	0.71
polite	1.92	0.83
nice	1.92	0.75
fabulous	1.94	0.70
alive	1.94	0.69
gleaming	1.95	1.02
casual	1.96	0.84
loving	1.96	0.71
cozy	1.96	0.75
radiant	1.98	0.95
exceptional	1.98	0.76
confident	1.99	0.61
honest	1.99	0.59
steady	2.00	0.83
jolly	2.00	0.63
tasty	2.01	0.71
serene	2.02	0.74
entertaining	2.03	0.64
polished	2.03	0.88
pink	2.04	1.19
calm	2.07	0.89
handy	2.12	0.71
sunny	2.14	0.96
glamorous	2.14	0.53
quiet	2.15	1.00
competent	2.16	0.82
brilliant	2.16	0.88
gentle	2.19	0.79
gorgeous	2.21	0.86
fine	2.21	0.69
cheerful	2.22	0.80
tempting	2.23	0.68
elegant	2.26	0.70
festive	2.29	0.67
beautiful	2.33	0.72
hearty	2.36	0.65
best	2.37	0.79
savvy	2.40	0.77
refined	2.41	0.64
welcoming	2.42	0.64
peaceful	2.44	0.80
helpful	2.45	0.61
comfortable	2.47	0.78
true	2.50	0.67
refreshing	2.55	0.65
wonderful	2.58	0.41
crisp	2.64	0.70
golden	2.83	0.97
exquisite	2.85	0.77
