disgusting	-3.88	0.90
ruined	-3.67	0.79
painful	-3.64	1.61
redeeming	-3.59	1.26
worse	-3.57	1.24
liking	-3.23	1.64
complain	-3.03	1.80
criticize	-3.03	1.66
rest	-3.02	1.43
laughable	-3.02	1.94
shitty	-2.99	1.85
racist	-2.98	1.65
possibly	-2.98	1.94
suffered	-2.97	1.65
dislike	-2.96	1.94
ugh	-2.96	1.65
except	-2.92	1.49
hating	-2.91	2.11
cared	-2.90	1.75
pile	-2.84	1.80
tears	-2.77	2.09
complaining	-2.76	1.89
people	-2.72	2.01
bitching	-2.72	2.01
mediocre	-2.69	2.01
bombed	-2.69	1.60
cried	-2.69	2.08
easily	-2.69	2.09
bland	-2.68	2.14
violent	-2.68	1.78
crappy	-2.66	2.06
bugs	-2.65	1.74
forgettable	-2.64	2.04
tear	-2.64	2.15
embarrassing	-2.63	1.82
cry	-2.63	2.11
trash	-2.63	1.57
itt	-2.60	2.03
sucked	-2.60	1.51
bitter	-2.59	1.63
happiness	-2.57	2.30
lame	-2.57	1.98
underground	-2.56	2.13
garbage	-2.55	1.78
boring	-2.55	1.97
excuse	-2.54	1.81
smile	-2.54	2.05
flat	-2.53	2.04
painfully	-2.53	1.99
hurts	-2.53	2.35
loss	-2.53	2.24
flesh	-2.52	2.16
jerk	-2.50	1.93
hatred	-2.49	1.67
miss	-2.49	2.39
preferred	-2.48	1.53
unfortunate	-2.47	1.80
retarded	-2.46	1.96
cringe	-2.46	1.69
rough	-2.46	1.48
everywhere	-2.42	1.92
poor	-2.42	2.21
mentions	-2.41	2.18
circlejerk	-2.40	2.17
generic	-2.37	1.71
ruining	-2.37	0.74
heart	-2.36	2.46
soul	-2.36	2.38
initially	-2.35	1.80
robin	-2.34	2.60
predictable	-2.32	1.83
suicide	-2.32	2.52
dull	-2.31	1.83
choices	-2.31	2.10
wooden	-2.30	2.31
dirty	-2.30	2.12
likes	-2.30	3.20
shallow	-2.30	1.75
touched	-2.29	2.19
disappointing	-2.28	1.58
thinks	-2.28	3.21
crap	-2.28	1.48
whole	-2.27	0.89
about	-2.26	1.88
far	-2.26	1.11
lazy	-2.25	1.83
one	-2.25	2.34
disliked	-2.25	1.96
childhood	-2.24	1.18
shitting	-2.24	1.28
tragedy	-2.24	2.38
laughter	-2.23	1.46
cliche	-2.22	1.86
celebrity	-2.21	2.54
died	-2.21	2.51
calling	-2.21	0.99
screwed	-2.20	1.38
cheesy	-2.20	2.10
ever	-2.20	2.35
weak	-2.19	2.04
distracting	-2.19	1.82
ive	-2.19	2.18
entire	-2.19	0.85
williams	-2.18	2.65
lonely	-2.18	2.07
shocking	-2.18	1.91
corny	-2.18	2.11
airbender	-2.18	1.55
pathetic	-2.16	1.17
dialogue	-2.16	2.39
death	-2.15	2.63
fanboys	-2.12	1.76
single	-2.11	2.00
forced	-2.11	1.77
peace	-2.11	2.64
third	-2.11	1.77
much	-2.10	1.21
rip	-2.10	2.73
newest	-2.09	2.14
passed	-2.09	2.73
better	-2.09	0.95
passing	-2.09	2.76
pretentious	-2.08	1.06
expected	-2.08	1.15
missed	-2.07	2.89
joy	-2.06	1.41
pretending	-2.06	1.60
sucks	-2.06	1.46
annoying	-2.05	1.75
bay	-2.05	1.76
plain	-2.05	2.03
blame	-2.05	1.66
defending	-2.05	1.50
imo	-2.04	1.54
than	-2.03	0.95
absolute	-2.02	1.88
harder	-2.02	1.07
goodbye	-2.02	2.73
part	-2.01	2.15
imho	-2.01	1.85
everytime	-2.01	1.30
mention	-2.00	1.76
laugh	-2.00	1.25
pointless	-2.00	1.69
fanboy	-1.98	1.66
felt	-1.98	1.61
atrocious	-1.97	2.25
insulting	-1.96	1.19
useless	-1.96	1.63
laughing	-1.96	1.28
frustrating	-1.95	1.82
laughed	-1.95	1.22
depressing	-1.93	2.04
disappointment	-1.93	0.64
bastard	-1.91	1.95
stupid	-1.90	1.96
tragic	-1.90	2.38
idiots	-1.90	1.13
utter	-1.89	1.25
seemed	-1.89	1.71
probably	-1.88	2.00
pain	-1.88	1.20
ebert	-1.88	2.00
tired	-1.88	1.09
stop	-1.87	1.51
nerds	-1.87	1.63
assholes	-1.87	1.02
walker	-1.87	2.84
knows	-1.87	3.34
forever	-1.87	1.05
defend	-1.86	1.38
obnoxious	-1.86	1.26
seen	-1.86	1.71
moron	-1.86	1.13
alot	-1.86	1.07
more	-1.85	1.06
torture	-1.85	1.00
complaints	-1.85	1.19
care	-1.84	2.15
universally	-1.84	1.87
depression	-1.84	1.25
cares	-1.84	3.06
crying	-1.84	1.38
rushed	-1.84	1.70
everybody	-1.81	3.17
dialog	-1.81	2.28
made	-1.81	1.73
depressed	-1.80	2.36
deeply	-1.80	2.15
forget	-1.79	2.12
affected	-1.79	0.96
compared	-1.79	1.26
cheap	-1.79	1.48
deaths	-1.79	1.65
heard	-1.79	1.53
significantly	-1.78	1.03
selfish	-1.78	0.95
pass	-1.78	1.65
ve	-1.78	1.75
definitely	-1.77	1.78
talk	-1.76	1.78
nobody	-1.76	2.40
thing	-1.76	1.91
hook	-1.75	2.12
realise	-1.75	2.18
anybody	-1.75	2.24
stronger	-1.75	1.04
watches	-1.74	3.31
faster	-1.74	0.97
ones	-1.74	1.33
rage	-1.74	0.99
disagree	-1.74	2.50
everyone	-1.73	2.34
says	-1.73	3.13
mess	-1.73	1.61
lacking	-1.73	1.74
bigger	-1.73	1.00
waste	-1.73	1.39
nonsense	-1.72	1.46
others	-1.72	1.60
bloody	-1.72	1.01
unlike	-1.71	2.44
fear	-1.71	1.07
suffer	-1.71	1.06
mrs	-1.70	2.16
sequels	-1.70	1.22
idiotic	-1.70	1.57
bother	-1.70	1.94
top	-1.69	2.55
improved	-1.68	0.84
another	-1.68	1.80
asshole	-1.68	0.99
behavior	-1.68	0.98
less	-1.68	1.11
cliches	-1.68	1.59
ruins	-1.67	0.77
screaming	-1.67	1.32
redditors	-1.67	1.74
unexpected	-1.67	2.10
talks	-1.67	3.13
bullshit	-1.67	1.38
which	-1.67	2.13
hollow	-1.66	1.63
happens	-1.66	1.79
complete	-1.66	1.29
certainly	-1.66	1.74
else	-1.66	2.29
talked	-1.66	2.57
hipster	-1.66	1.27
someone	-1.66	2.16
things	-1.65	1.61
unnecessary	-1.65	1.61
catch	-1.65	1.95
downvoting	-1.65	1.78
douche	-1.65	1.00
tells	-1.65	3.31
feels	-1.64	1.62
virtually	-1.64	1.15
them	-1.64	2.17
believes	-1.64	3.20
knew	-1.63	1.90
consider	-1.63	2.03
mean	-1.63	3.41
entitled	-1.63	1.04
superior	-1.63	0.98
surprise	-1.62	0.93
prefer	-1.62	0.84
almost	-1.62	1.46
call	-1.62	2.26
awe	-1.62	1.10
unbelievable	-1.62	2.12
ignorant	-1.62	1.25
surprising	-1.62	1.98
justify	-1.61	1.34
ruin	-1.61	0.74
confusion	-1.61	0.97
biggest	-1.61	2.49
person	-1.61	1.88
smarter	-1.61	0.90
guilt	-1.61	1.03
being	-1.60	1.16
struck	-1.60	2.19
discuss	-1.60	1.58
screams	-1.60	1.39
mindless	-1.60	1.40
suffering	-1.60	1.05
met	-1.59	3.03
compare	-1.59	1.58
meaningless	-1.59	1.54
only	-1.58	1.91
meh	-1.58	1.27
favorites	-1.58	2.48
barely	-1.57	1.89
comparing	-1.57	1.05
notice	-1.57	2.16
never	-1.57	2.06
always	-1.57	1.88
practically	-1.57	1.09
remind	-1.56	1.57
pretend	-1.56	2.46
favourites	-1.55	2.50
argue	-1.55	2.38
expect	-1.55	2.33
feel	-1.55	1.99
happen	-1.55	2.42
shits	-1.55	1.04
laughs	-1.54	1.38
loud	-1.54	1.21
point	-1.54	3.23
endings	-1.54	1.12
been	-1.54	1.79
commit	-1.53	0.99
understand	-1.53	2.15
clue	-1.53	2.37
insult	-1.53	1.66
imagine	-1.53	2.46
choose	-1.53	1.53
writing	-1.53	2.46
recognize	-1.53	2.26
seem	-1.52	1.89
tell	-1.52	2.40
cause	-1.51	1.32
enjoy	-1.51	2.07
bag	-1.51	1.13
serbian	-1.51	0.97
constantly	-1.51	1.18
or	-1.51	2.43
say	-1.51	2.67
way	-1.50	2.10
vastly	-1.50	1.00
all	-1.50	1.93
yelling	-1.50	1.14
turd	-1.50	1.30
even	-1.49	2.50
dick	-1.49	0.92
if	-1.49	2.61
damage	-1.49	1.00
cynical	-1.49	0.90
shock	-1.49	1.07
sudden	-1.49	1.28
anything	-1.48	2.51
make	-1.48	2.27
either	-1.48	2.61
yet	-1.48	1.96
know	-1.47	2.69
explain	-1.47	2.23
literally	-1.47	1.36
see	-1.47	2.50
shocked	-1.47	2.39
wasted	-1.47	1.21
scripts	-1.47	2.20
talking	-1.47	2.14
re	-1.47	3.43
stereotypes	-1.47	1.15
dreams	-1.47	1.75
saying	-1.47	3.28
offensive	-1.47	1.51
plots	-1.47	1.73
realize	-1.46	2.56
whatever	-1.46	2.58
believe	-1.46	2.70
said	-1.46	1.77
skipped	-1.45	1.07
realizing	-1.45	1.55
why	-1.45	2.64
everything	-1.45	2.21
already	-1.45	1.84
something	-1.45	2.58
makes	-1.44	1.60
offended	-1.44	2.27
personally	-1.44	1.80
causing	-1.44	0.97
because	-1.44	2.61
figure	-1.44	2.29
anytime	-1.44	2.02
what	-1.44	2.80
d	-1.44	2.38
suck	-1.43	1.44
had	-1.43	1.70
find	-1.43	2.19
causes	-1.43	0.99
memory	-1.43	1.21
passes	-1.43	1.51
anyone	-1.43	2.33
think	-1.43	2.68
desperate	-1.43	1.18
anymore	-1.43	2.63
movies	-1.43	1.78
funniest	-1.43	2.55
reason	-1.43	2.40
happening	-1.42	2.34
nothing	-1.42	2.47
maybe	-1.42	2.63
remakes	-1.42	1.19
whenever	-1.42	1.44
disaster	-1.42	0.96
dealing	-1.42	1.05
exposition	-1.42	1.74
enjoying	-1.42	1.47
latter	-1.42	1.69
since	-1.42	1.64
noticed	-1.42	1.54
consequences	-1.41	1.13
quit	-1.41	1.43
acts	-1.41	0.92
sure	-1.41	3.40
die	-1.41	1.44
bs	-1.40	1.31
rude	-1.40	1.31
overrated	-1.40	1.06
hardly	-1.40	1.66
matter	-1.40	2.45
darker	-1.40	0.96
ignored	-1.40	0.97
did	-1.40	2.52
condition	-1.40	1.18
might	-1.40	2.48
has	-1.40	1.67
anger	-1.40	0.94
however	-1.40	2.52
spoil	-1.40	2.10
doubt	-1.39	2.61
survived	-1.39	1.31
there	-1.39	1.92
sees	-1.39	2.53
rolled	-1.39	1.25
course	-1.39	2.84
casting	-1.39	2.22
we	-1.39	2.52
him	-1.39	2.08
overly	-1.39	1.53
would	-1.38	2.42
brutal	-1.38	1.14
caused	-1.38	0.96
realizes	-1.37	2.35
unless	-1.37	2.67
self	-1.37	0.99
how	-1.37	2.49
arguing	-1.37	2.03
wish	-1.36	2.38
obsession	-1.36	0.97
nowadays	-1.36	1.13
funnier	-1.36	1.00
should	-1.36	2.43
really	-1.36	2.41
exception	-1.36	1.42
formula	-1.35	1.33
otherwise	-1.35	2.02
knowing	-1.35	1.99
broke	-1.35	1.33
screw	-1.34	1.18
failing	-1.34	1.48
disturbing	-1.34	1.14
shame	-1.34	2.08
enough	-1.34	2.14
pick	-1.34	2.01
recent	-1.34	2.52
trolling	-1.34	3.04
accident	-1.34	1.54
happened	-1.34	1.86
awkward	-1.34	1.69
childish	-1.33	1.39
honestly	-1.33	2.39
convince	-1.33	2.04
cash	-1.33	1.13
circle	-1.33	3.10
somehow	-1.33	1.50
guarantee	-1.32	2.38
reddit	-1.32	1.96
could	-1.32	2.36
me	-1.32	1.68
plot	-1.32	1.70
deny	-1.32	2.16
pleasure	-1.32	1.00
pure	-1.32	1.10
fool	-1.32	1.35
remember	-1.31	2.25
appear	-1.31	1.58
act	-1.31	1.27
typical	-1.31	1.34
slightest	-1.31	1.69
vietnam	-1.31	1.90
morning	-1.31	1.69
beforehand	-1.30	1.19
imagined	-1.30	1.20
dies	-1.30	1.48
improvement	-1.30	0.95
watchable	-1.30	1.25
told	-1.30	2.08
want	-1.30	2.45
discussing	-1.29	1.57
outright	-1.29	1.67
fake	-1.29	2.12
feeling	-1.28	1.12
also	-1.28	2.24
changed	-1.28	0.99
fucked	-1.28	1.18
hollywood	-1.28	1.23
caring	-1.28	1.32
rolling	-1.28	1.32
struggling	-1.28	1.27
whereas	-1.27	0.90
comparison	-1.27	1.26
dead	-1.27	1.56
porn	-1.26	0.83
upset	-1.26	2.41
meanwhile	-1.26	2.85
still	-1.26	2.19
anywhere	-1.26	2.27
bad	-1.26	2.16
stood	-1.26	1.13
objectively	-1.26	1.18
remembering	-1.26	2.94
fucks	-1.26	0.90
destruction	-1.25	1.08
script	-1.25	2.26
hunting	-1.25	2.08
rich	-1.25	0.95
wo	-1.25	2.46
relate	-1.25	2.07
whatsoever	-1.25	1.22
fault	-1.25	1.21
calls	-1.25	2.40
failure	-1.25	0.95
acknowledge	-1.25	1.70
go	-1.24	2.20
ending	-1.24	1.30
does	-1.24	2.56
dicks	-1.23	1.11
wondered	-1.23	1.61
having	-1.23	1.32
straight	-1.23	1.04
tropes	-1.23	1.42
likely	-1.23	1.75
total	-1.23	1.16
dying	-1.23	1.65
dumb	-1.23	1.41
actions	-1.22	1.16
terror	-1.22	0.97
finish	-1.22	2.00
although	-1.22	1.86
decisions	-1.22	1.52
violence	-1.21	1.03
entirety	-1.21	0.94
crisis	-1.21	1.21
asks	-1.21	2.57
experienced	-1.21	1.01
closer	-1.21	1.01
again	-1.21	2.21
decide	-1.21	2.21
mentioned	-1.20	1.51
heck	-1.20	1.79
mental	-1.20	1.03
circumstances	-1.20	1.28
bring	-1.20	1.92
trust	-1.20	1.49
unrealistic	-1.20	1.74
regret	-1.19	1.43
racism	-1.19	1.10
example	-1.19	1.23
newer	-1.19	1.14
come	-1.19	2.17
fine	-1.19	3.39
disease	-1.19	1.00
lie	-1.19	2.27
tonight	-1.19	1.65
strongly	-1.19	1.33
second	-1.19	1.43
holocaust	-1.18	1.12
none	-1.18	1.30
woke	-1.18	1.26
preference	-1.18	1.27
help	-1.18	2.24
instance	-1.18	1.24
load	-1.18	1.35
inevitable	-1.18	1.26
liked	-1.18	2.41
occasionally	-1.18	1.23
idiot	-1.17	1.62
believed	-1.17	1.48
folks	-1.17	1.53
simply	-1.17	2.32
shorter	-1.17	0.86
blood	-1.17	0.78
society	-1.17	1.50
will	-1.16	2.34
watch	-1.16	2.20
mentioning	-1.16	1.84
dragged	-1.16	1.09
touch	-1.16	1.27
blind	-1.16	2.70
cunt	-1.16	1.24
originals	-1.15	0.97
dated	-1.15	1.86
previously	-1.15	1.09
fact	-1.15	2.51
terribly	-1.15	1.66
rather	-1.14	1.41
inner	-1.14	0.99
wouldnt	-1.14	2.41
piss	-1.14	1.38
sense	-1.14	1.84
surely	-1.14	2.36
get	-1.14	2.28
need	-1.14	2.42
result	-1.14	1.09
lying	-1.14	1.98
nor	-1.14	2.07
telling	-1.14	1.79
occur	-1.14	1.27
leave	-1.13	1.80
ll	-1.13	2.43
lot	-1.13	1.32
hide	-1.13	1.42
route	-1.13	1.01
finds	-1.13	2.14
choosing	-1.13	1.20
shit	-1.13	1.63
line	-1.12	1.55
ca	-1.12	2.42
raw	-1.12	1.06
committed	-1.12	1.04
must	-1.12	2.63
reasons	-1.12	1.27
endless	-1.12	1.12
test	-1.11	1.26
assume	-1.11	2.99
empty	-1.11	1.00
ironically	-1.11	1.04
flicks	-1.11	1.24
downvotes	-1.11	1.86
pull	-1.11	1.92
stands	-1.11	1.09
turn	-1.10	1.84
unpopular	-1.10	1.74
any	-1.10	1.89
going	-1.10	2.73
connect	-1.10	1.98
conversations	-1.10	1.24
feelings	-1.10	1.05
imagining	-1.09	1.49
whether	-1.09	1.94
admittedly	-1.09	1.43
heroin	-1.09	1.44
delivery	-1.09	1.91
actively	-1.09	1.46
claiming	-1.09	1.59
threads	-1.08	1.83
harm	-1.08	1.17
aladdin	-1.08	1.75
sit	-1.08	1.62
instantly	-1.08	1.05
minority	-1.08	0.97
bothered	-1.08	1.68
abuse	-1.08	0.98
cock	-1.08	0.84
easier	-1.08	1.82
can	-1.07	2.37
subplot	-1.07	1.46
downvote	-1.07	1.93
sick	-1.07	1.90
desire	-1.07	1.53
discussion	-1.07	1.74
wait	-1.07	2.47
doing	-1.07	2.31
memories	-1.07	1.03
seymour	-1.07	2.84
case	-1.07	2.07
prevent	-1.07	1.15
occurred	-1.07	1.21
normally	-1.07	1.65
pan	-1.06	1.82
horribly	-1.06	1.64
fate	-1.06	1.25
somebody	-1.06	2.14
struggle	-1.06	1.14
r/movies	-1.06	1.83
spoiled	-1.06	0.96
uncomfortable	-1.06	1.38
relief	-1.06	1.34
karma	-1.06	1.88
stand	-1.06	1.84
addiction	-1.06	1.05
qualities	-1.05	1.19
harold	-1.05	2.08
sub	-1.05	1.83
actually	-1.05	2.44
kills	-1.05	2.17
avoided	-1.05	1.25
characterization	-1.05	2.03
outcome	-1.05	1.29
wrap	-1.05	2.06
decides	-1.05	2.33
killed	-1.05	1.56
take	-1.05	2.04
gore	-1.04	0.95
basically	-1.04	1.71
least	-1.04	1.69
claimed	-1.04	1.46
issues	-1.04	1.21
films	-1.04	1.83
saints	-1.04	1.02
fallen	-1.04	1.06
subreddit	-1.04	1.82
forcing	-1.04	1.96
succeed	-1.04	1.71
ask	-1.03	2.32
ways	-1.03	1.24
exactly	-1.03	2.93
today	-1.03	1.46
doesnt	-1.03	2.30
downvoted	-1.03	1.93
mostly	-1.03	1.40
time	-1.03	1.60
leaves	-1.03	1.87
admit	-1.03	2.33
avoid	-1.02	1.51
trend	-1.02	1.12
lately	-1.02	1.25
row	-1.02	1.02
genuine	-1.02	1.09
panic	-1.02	0.96
reveals	-1.02	1.72
alive	-1.02	1.38
may	-1.02	2.19
suggests	-1.02	1.98
hard	-1.02	1.88
neither	-1.02	2.00
emotions	-1.02	1.05
world	-1.02	1.07
nearly	-1.01	1.36
internet	-1.01	1.55
quickly	-1.01	1.05
saved	-1.00	1.21
asked	-1.00	2.05
ordinary	-1.00	1.21
relative	-1.00	0.99
suddenly	-1.00	1.22
attempted	-1.00	1.97
due	-1.00	1.03
walked	-1.00	1.09
attitude	-1.00	0.96
agree	-1.00	3.26
harsh	-1.00	1.16
nostalgia	-0.99	0.93
try	-0.99	2.24
fail	-0.99	1.60
imply	-0.99	3.54
brought	-0.99	1.18
balls	-0.99	0.95
destroyed	-0.99	0.76
regard	-0.99	1.14
upvotes	-0.99	1.84
though	-0.99	2.41
financial	-0.99	0.98
accept	-0.98	1.98
without	-0.98	1.64
enjoyed	-0.98	2.41
stomach	-0.98	1.11
threatening	-0.98	0.97
parts	-0.98	1.36
start	-0.98	1.61
boner	-0.98	1.19
development	-0.97	1.69
roll	-0.97	1.22
flop	-0.97	0.92
reboots	-0.97	1.26
slightly	-0.97	1.26
truth	-0.97	1.87
manage	-0.97	2.04
serious	-0.97	1.07
fails	-0.97	1.78
trope	-0.97	1.34
handle	-0.97	1.94
asking	-0.97	1.99
upvoted	-0.96	1.85
difficult	-0.96	1.51
lives	-0.96	1.06
same	-0.96	2.26
crack	-0.96	1.08
decision	-0.96	1.42
largely	-0.96	1.46
obviously	-0.96	2.88
immersion	-0.96	1.05
too	-0.96	1.74
inherently	-0.96	1.35
low	-0.96	1.30
prepared	-0.95	1.53
mentally	-0.95	1.22
substance	-0.95	1.22
moment	-0.95	1.28
responsible	-0.95	0.79
true	-0.95	3.17
wake	-0.95	1.25
besides	-0.95	1.24
cancer	-0.94	1.25
let	-0.94	2.41
apparently	-0.94	1.84
hold	-0.94	1.64
meet	-0.94	2.06
necessarily	-0.94	2.33
continue	-0.94	1.51
event	-0.94	1.13
intentions	-0.94	1.34
deliver	-0.94	1.72
rewatch	-0.94	2.16
potentially	-0.94	1.05
troll	-0.94	1.83
refuse	-0.94	2.29
worked	-0.94	1.40
dry	-0.93	1.28
romantic	-0.93	1.30
identify	-0.93	1.92
able	-0.93	2.13
race	-0.93	1.02
responsibility	-0.93	0.97
afterwards	-0.93	1.08
perhaps	-0.93	2.13
trying	-0.93	2.16
id	-0.93	2.28
wont	-0.93	2.43
walk	-0.93	1.42
give	-0.93	2.16
awhile	-0.93	1.63
found	-0.93	1.50
sat	-0.93	1.09
hope	-0.92	2.50
psychological	-0.92	1.01
attempting	-0.92	2.04
discover	-0.92	1.14
hoped	-0.92	1.82
who	-0.92	3.38
turns	-0.92	1.53
problem	-0.92	1.96
believing	-0.92	1.79
merit	-0.92	1.28
then	-0.92	1.65
making	-0.92	1.86
execution	-0.92	2.34
tbh	-0.91	1.54
bits	-0.91	1.47
apart	-0.91	1.18
obsessed	-0.91	2.24
twists	-0.91	1.12
revenge	-0.91	0.89
philip	-0.91	2.26
sacrifice	-0.91	1.19
silly	-0.91	1.77
explains	-0.91	1.74
himself	-0.90	1.73
wanted	-0.90	2.40
jokes	-0.90	1.41
jumped	-0.90	1.05
generally	-0.90	1.00
fell	-0.90	1.04
possible	-0.90	1.62
place	-0.90	1.14
strike	-0.90	0.85
bit	-0.90	1.54
picking	-0.90	1.30
drag	-0.90	1.28
react	-0.90	1.77
suspend	-0.90	1.97
celebrities	-0.89	1.16
lay	-0.89	1.22
campy	-0.89	1.58
themselves	-0.88	1.91
attempt	-0.88	1.82
covered	-0.88	0.78
overall	-0.88	1.91
when	-0.88	1.50
examples	-0.88	1.31
quite	-0.88	1.77
managed	-0.88	2.06
extent	-0.88	1.14
throw	-0.88	1.58
exposed	-0.88	0.93
jarring	-0.88	1.43
sentiment	-0.88	1.45
reached	-0.88	1.19
ourselves	-0.88	1.85
now	-0.88	2.94
bias	-0.87	1.43
messed	-0.87	1.21
emotion	-0.87	1.10
tried	-0.87	2.11
decade	-0.87	1.43
started	-0.87	1.22
confusing	-0.87	1.46
presumably	-0.86	1.61
rarely	-0.86	1.31
ridiculously	-0.86	1.52
right	-0.86	3.77
twist	-0.86	1.11
guess	-0.86	3.72
slow	-0.86	1.40
listed	-0.85	1.75
move	-0.85	1.64
matters	-0.85	2.15
shake	-0.85	1.14
horrifying	-0.85	1.40
put	-0.85	1.55
curiosity	-0.85	0.92
tends	-0.84	1.69
murder	-0.84	1.07
unable	-0.84	2.07
yourself	-0.84	2.20
victim	-0.84	1.07
stated	-0.84	1.67
sleep	-0.84	1.38
ignorance	-0.84	1.67
every	-0.84	1.59
internal	-0.84	1.32
superhero	-0.84	1.26
attempts	-0.84	2.04
placement	-0.84	1.08
helping	-0.83	1.87
existed	-0.83	1.69
bomb	-0.83	0.85
failed	-0.83	1.60
sitting	-0.83	1.11
longer	-0.83	1.05
gag	-0.83	1.09
chaos	-0.83	0.86
change	-0.83	1.56
sadly	-0.83	1.64
starts	-0.83	1.21
seat	-0.82	1.04
taste	-0.82	1.20
critique	-0.82	1.26
therefore	-0.82	1.53
prove	-0.82	1.85
incredibly	-0.82	1.48
brings	-0.82	1.04
cases	-0.82	1.17
opposed	-0.82	1.07
wanting	-0.82	2.34
stopping	-0.82	1.37
incident	-0.81	1.06
opportunity	-0.81	1.95
myself	-0.81	1.74
film	-0.81	1.64
re-watch	-0.81	2.03
fall	-0.81	1.29
ultimately	-0.81	1.36
begin	-0.81	1.65
improve	-0.81	1.15
changes	-0.81	1.29
becomes	-0.80	1.08
fired	-0.80	0.85
seemingly	-0.80	1.34
decided	-0.80	2.32
rape	-0.80	0.95
willing	-0.80	2.32
remotely	-0.80	1.51
criticisms	-0.80	1.87
hackers	-0.80	1.00
tries	-0.80	2.23
no	-0.80	2.65
hear	-0.80	1.45
massive	-0.80	1.14
regularly	-0.80	1.07
sheer	-0.80	1.13
manages	-0.80	2.19
cant	-0.80	2.45
hurt	-0.80	1.82
lots	-0.79	1.10
understood	-0.79	2.49
counter	-0.79	1.94
filled	-0.79	1.11
issue	-0.79	1.76
importantly	-0.79	1.08
posts	-0.79	1.82
fans	-0.79	1.25
allowing	-0.79	1.97
advantage	-0.79	1.03
wants	-0.79	3.62
kill	-0.79	1.51
victims	-0.78	1.04
brain	-0.78	1.08
absurd	-0.78	1.66
here	-0.78	2.05
flick	-0.78	1.16
sexual	-0.78	0.95
appears	-0.78	1.50
helped	-0.78	2.24
anyway	-0.77	3.00
debate	-0.77	1.47
remembered	-0.77	1.44
chills	-0.77	1.49
pause	-0.77	1.30
blockbuster	-0.77	1.18
experiences	-0.77	1.14
situations	-0.77	1.34
over-the-top	-0.77	1.62
lacked	-0.77	1.35
complaint	-0.77	1.92
suggesting	-0.77	3.55
standing	-0.77	1.10
intentionally	-0.77	1.75
helps	-0.77	2.25
trapped	-0.77	0.93
mods	-0.76	1.79
suggest	-0.76	1.83
discussions	-0.76	1.55
latest	-0.76	1.06
minus	-0.76	1.07
major	-0.76	1.33
keep	-0.76	1.76
grab	-0.76	1.15
expecting	-0.76	1.38
bombs	-0.76	0.81
puts	-0.76	1.28
needs	-0.76	2.29
rid	-0.75	1.22
career	-0.75	1.26
join	-0.75	1.41
bitch	-0.75	1.48
idea	-0.75	2.47
revealed	-0.75	1.38
impossible	-0.75	1.68
decent	-0.75	2.26
stopped	-0.75	1.33
events	-0.75	1.29
kept	-0.75	1.37
involve	-0.75	1.21
fairly	-0.75	1.36
apparent	-0.75	1.43
immediately	-0.75	1.15
explained	-0.75	1.43
worry	-0.75	2.83
fully	-0.75	1.51
subject	-0.74	1.27
needed	-0.74	2.11
hugely	-0.74	1.10
usually	-0.74	1.18
realized	-0.74	1.56
attacks	-0.74	0.95
goes	-0.74	1.43
run	-0.74	1.29
portion	-0.74	1.05
thought	-0.73	1.81
stick	-0.73	1.15
gay	-0.73	1.12
interviews	-0.73	1.12
smell	-0.73	0.89
journey	-0.73	1.10
refused	-0.73	2.19
theatre	-0.73	1.03
cracked	-0.73	1.20
discussed	-0.72	1.16
buried	-0.72	0.99
points	-0.72	1.74
sight	-0.72	1.22
leaked	-0.72	1.24
essentially	-0.72	1.49
became	-0.72	1.07
allow	-0.72	2.07
chest	-0.72	1.07
chose	-0.72	2.04
80s	-0.72	1.04
stops	-0.72	1.24
exist	-0.72	1.76
breath	-0.72	0.97
eventually	-0.72	1.23
its	-0.72	1.62
partially	-0.72	1.15
blockbusters	-0.72	1.19
work	-0.72	2.13
supposed	-0.71	2.91
horse	-0.71	1.06
walls	-0.71	1.00
burning	-0.71	0.88
figured	-0.71	2.09
lies	-0.71	1.30
and/or	-0.71	1.18
excitement	-0.71	0.91
poorly	-0.71	1.71
tend	-0.71	1.12
picks	-0.71	1.54
instead	-0.71	1.56
hiding	-0.71	1.07
camp	-0.71	1.41
dont	-0.71	2.77
traveling	-0.71	1.08
lists	-0.71	1.46
narration	-0.70	1.53
scream	-0.70	1.16
argument	-0.70	2.00
skip	-0.70	1.55
frankly	-0.70	1.67
didnt	-0.70	2.62
break	-0.70	1.39
wakes	-0.70	1.26
version	-0.70	0.87
i.e	-0.70	1.00
albeit	-0.70	1.39
9/11	-0.70	0.97
80	-0.70	1.16
taking	-0.70	1.46
keeps	-0.70	1.20
attack	-0.70	0.89
order	-0.70	2.16
shortly	-0.70	1.18
discovered	-0.70	1.35
carrying	-0.70	1.04
ended	-0.70	1.47
reputation	-0.69	1.01
allowed	-0.69	2.17
remains	-0.69	1.15
adding	-0.69	1.55
entirely	-0.69	1.81
exceptions	-0.69	1.27
push	-0.69	1.61
left	-0.69	1.37
attacking	-0.69	0.96
whilst	-0.69	1.21
explaining	-0.69	1.74
masses	-0.69	0.90
walks	-0.69	1.33
rant	-0.69	1.36
laid	-0.69	0.99
claim	-0.69	1.91
ego	-0.69	1.05
affect	-0.68	1.44
successfully	-0.68	1.63
thus	-0.68	1.24
critically	-0.68	1.09
genre	-0.68	1.21
shoot	-0.68	1.28
remaining	-0.68	0.99
storyline	-0.68	1.45
achieve	-0.68	1.31
halfway	-0.68	1.17
constant	-0.68	1.07
forgotten	-0.67	1.72
lose	-0.67	1.53
typically	-0.67	1.07
previous	-0.67	1.21
implying	-0.67	2.73
prior	-0.67	1.12
thread	-0.67	1.91
runs	-0.67	1.30
comments	-0.67	1.93
altered	-0.67	1.04
becoming	-0.67	1.07
somewhat	-0.67	1.46
walking	-0.66	1.10
unfair	-0.66	1.49
out	-0.66	1.27
arm	-0.66	1.07
considered	-0.66	1.14
remove	-0.66	1.63
letting	-0.66	1.84
add	-0.66	1.73
situation	-0.66	1.54
arguments	-0.66	1.75
tale	-0.66	1.18
extremely	-0.66	1.40
larger	-0.66	1.06
destroying	-0.66	0.83
protect	-0.66	1.14
banned	-0.66	1.60
paper	-0.66	1.51
above	-0.65	1.27
americans	-0.65	1.14
asleep	-0.65	1.16
turned	-0.65	1.24
survive	-0.65	1.29
attacked	-0.65	0.77
motivations	-0.65	1.33
slowly	-0.65	1.10
cycle	-0.65	1.04
employees	-0.64	1.14
relatively	-0.64	1.21
focusing	-0.64	1.14
finally	-0.64	1.64
wood	-0.64	1.24
type	-0.64	1.15
began	-0.64	1.13
sometimes	-0.64	1.45
choice	-0.64	1.45
candy	-0.64	1.41
alone	-0.64	1.73
execs	-0.64	1.11
sell	-0.64	1.38
become	-0.64	1.14
falls	-0.63	1.07
path	-0.63	1.15
fisher	-0.63	1.68
hired	-0.63	1.38
bunch	-0.63	1.17
off	-0.63	1.11
allows	-0.63	2.16
honest	-0.63	2.67
suspect	-0.63	1.87
objects	-0.63	1.26
crowd	-0.62	0.87
prepare	-0.62	1.42
shoots	-0.62	1.23
risks	-0.62	1.14
up	-0.62	1.37
done	-0.62	1.59
steel	-0.62	0.95
went	-0.62	1.34
putting	-0.62	1.44
living	-0.62	0.96
aside	-0.62	1.28
unfortunately	-0.61	1.84
edgy	-0.61	1.39
stays	-0.61	1.25
face	-0.61	1.07
described	-0.61	1.27
draft	-0.61	1.78
manner	-0.61	1.34
meeting	-0.61	1.64
frequently	-0.61	0.90
gritty	-0.61	1.10
le	-0.61	1.38
realistic	-0.61	1.33
bound	-0.61	1.00
vengeance	-0.61	1.09
adds	-0.61	1.25
greatly	-0.61	1.03
twisted	-0.61	1.40
nowhere	-0.60	1.05
chance	-0.60	2.11
bringing	-0.60	1.38
smaller	-0.60	1.07
clearly	-0.60	2.64
count	-0.60	2.09
drawn	-0.60	1.33
penis	-0.60	0.91
leak	-0.60	1.04
mouth	-0.60	0.94
r-rated	-0.59	0.87
prometheus	-0.59	2.75
flashbacks	-0.59	1.23
existence	-0.59	1.28
stayed	-0.59	1.21
often	-0.59	1.12
these	-0.59	1.34
handed	-0.59	1.26
ignore	-0.59	2.00
nudity	-0.59	0.97
regarding	-0.59	1.54
zombie	-0.59	1.01
hoffman	-0.59	2.74
around	-0.58	1.16
carry	-0.58	1.45
votes	-0.58	1.71
getting	-0.58	1.77
monologue	-0.58	1.20
loads	-0.58	1.15
structure	-0.58	1.61
stuff	-0.58	1.84
realised	-0.58	1.63
comes	-0.58	1.37
repeat	-0.58	1.26
opinions	-0.58	1.81
goofy	-0.58	1.61
village	-0.58	0.91
mainly	-0.58	1.28
saves	-0.57	1.53
real	-0.57	1.67
continues	-0.57	1.31
turning	-0.57	1.30
topic	-0.57	1.69
contain	-0.57	1.27
transformers	-0.57	0.94
grave	-0.57	1.08
biased	-0.57	2.54
remain	-0.57	1.10
sake	-0.57	1.30
viewer	-0.57	1.16
aka	-0.56	0.80
nose	-0.56	1.04
favorite	-0.56	3.27
realistically	-0.56	1.56
unrelated	-0.56	1.39
madness	-0.56	0.92
characters	-0.56	1.48
hack	-0.56	1.06
continued	-0.56	1.29
e.g	-0.56	1.09
notable	-0.56	2.09
while	-0.56	1.55
tongue	-0.56	0.92
audition	-0.56	1.05
cheese	-0.56	1.15
randomly	-0.56	1.15
picked	-0.56	1.28
nuke	-0.56	0.80
parody	-0.56	1.14
bet	-0.55	2.72
easy	-0.55	2.09
referenced	-0.55	1.41
eyes	-0.55	1.15
random	-0.55	1.11
individuals	-0.55	1.10
by	-0.55	1.21
represents	-0.55	1.08
surgery	-0.55	1.17
wondering	-0.55	2.39
heavily	-0.55	1.27
arguably	-0.55	3.04
values	-0.55	1.07
pacing	-0.55	2.20
bored	-0.55	1.51
merely	-0.55	2.03
guilty	-0.54	1.18
gender	-0.54	1.15
beloved	-0.54	1.15
secondary	-0.54	1.35
producers	-0.54	1.43
list	-0.54	2.36
support	-0.54	1.54
unlikely	-0.54	1.40
somewhere	-0.54	1.44
mind	-0.54	1.75
wasnt	-0.54	1.79
factor	-0.53	1.00
havent	-0.53	1.69
down	-0.53	1.13
criticism	-0.53	1.51
over	-0.53	1.37
implied	-0.53	2.04
bed	-0.53	1.09
intense	-0.53	1.30
dust	-0.53	0.97
comedian	-0.53	1.29
trouble	-0.53	1.68
chair	-0.53	1.06
threat	-0.52	0.98
dare	-0.52	2.25
progress	-0.52	1.11
save	-0.52	1.41
packed	-0.52	1.09
watching	-0.52	1.66
individual	-0.52	1.24
classics	-0.52	1.44
head	-0.52	0.95
involves	-0.52	1.47
segment	-0.51	1.09
news	-0.51	1.09
spends	-0.51	1.15
increase	-0.51	1.02
itself	-0.51	1.31
rely	-0.51	1.25
takes	-0.51	1.22
from	-0.51	1.38
ignoring	-0.51	2.16
largest	-0.51	1.19
minds	-0.51	1.02
reveal	-0.50	1.20
editor	-0.50	1.56
towards	-0.50	1.07
global	-0.50	1.02
proven	-0.50	1.41
equivalent	-0.50	1.16
notes	-0.50	1.62
appreciate	-0.50	1.71
pushing	-0.50	1.36
clown	-0.50	1.48
justified	-0.50	1.34
abandoned	-0.50	0.97
pressure	-0.50	0.91
hospital	-0.50	1.21
ends	-0.50	1.21
defense	-0.50	1.43
theater	-0.50	1.02
cooler	-0.49	1.12
logic	-0.49	1.50
blatant	-0.49	1.30
problems	-0.49	1.88
little	-0.49	1.40
bizarre	-0.49	1.53
thinking	-0.49	2.43
very	-0.49	1.38
piece	-0.49	1.63
opinion	-0.49	1.86
grasp	-0.49	1.76
butt	-0.49	1.06
graphic	-0.49	1.20
saga	-0.49	1.06
dramas	-0.49	1.11
nuclear	-0.49	0.85
us	-0.49	1.37
drops	-0.49	1.10
involving	-0.49	1.10
protagonist	-0.49	1.30
create	-0.49	1.54
large	-0.49	1.06
significant	-0.49	1.20
changing	-0.48	1.16
glad	-0.48	2.62
threw	-0.48	1.04
tiny	-0.48	1.30
seeing	-0.48	1.94
all-time	-0.48	3.19
comedies	-0.48	1.08
front	-0.48	1.06
motivation	-0.48	1.38
according	-0.48	1.29
thin	-0.48	1.19
faces	-0.48	1.12
community	-0.48	1.19
lack	-0.48	1.39
physically	-0.47	1.24
corner	-0.47	1.05
appeared	-0.47	1.07
subjective	-0.47	2.06
relationships	-0.47	1.07
enjoyable	-0.47	1.34
suspense	-0.47	1.13
simultaneously	-0.47	1.29
reaction	-0.47	1.13
phones	-0.47	1.16
explosion	-0.47	0.98
proves	-0.47	1.93
sorts	-0.47	1.23
claims	-0.47	1.71
obvious	-0.47	1.61
reasoning	-0.47	1.73
well	-0.47	1.96
hardcore	-0.46	1.07
steal	-0.46	1.62
lines	-0.46	1.85
involved	-0.46	1.15
false	-0.46	2.02
pg-13	-0.46	0.92
driven	-0.46	1.08
breaks	-0.46	1.04
lets	-0.46	2.32
carter	-0.46	0.97
explicitly	-0.46	1.77
finger	-0.46	0.92
judgement	-0.46	1.23
question	-0.45	2.33
utterly	-0.45	1.62
wave	-0.45	0.96
directors	-0.45	1.37
nature	-0.45	1.16
into	-0.45	1.11
moments	-0.45	1.46
suggested	-0.45	1.44
throughout	-0.45	1.17
kind	-0.45	1.77
romance	-0.45	1.31
write	-0.45	1.85
depending	-0.45	1.55
silent	-0.45	0.98
flow	-0.45	1.60
most	-0.44	1.70
pulling	-0.44	1.36
sand	-0.44	0.80
convey	-0.44	1.65
removed	-0.44	1.72
solely	-0.44	1.37
huge	-0.44	1.19
extreme	-0.44	1.04
redditor	-0.44	1.90
ton	-0.44	1.18
drugs	-0.44	0.93
treat	-0.44	1.19
nightmares	-0.44	1.24
jews	-0.44	1.10
finding	-0.44	1.21
side	-0.44	1.14
moved	-0.44	1.06
supposedly	-0.44	1.46
blow	-0.44	1.18
falling	-0.44	0.99
consensus	-0.44	1.00
assumed	-0.43	2.41
terrorist	-0.43	0.93
forth	-0.43	1.12
back	-0.43	1.36
action	-0.43	1.36
hanging	-0.43	1.04
heads	-0.43	0.95
analogy	-0.43	1.48
process	-0.43	1.27
250	-0.43	1.56
questions	-0.43	1.69
backstory	-0.43	1.39
device	-0.43	1.32
mystery	-0.43	1.13
legitimately	-0.42	1.35
documentaries	-0.42	1.22
successful	-0.42	1.08
leg	-0.42	0.98
story	-0.42	1.48
ears	-0.42	0.99
comparable	-0.42	1.21
ie	-0.42	1.02
explosions	-0.42	1.04
running	-0.42	1.01
terrorists	-0.42	0.95
dropping	-0.42	1.07
throws	-0.42	1.04
steps	-0.42	1.07
amongst	-0.42	1.37
soon	-0.42	1.66
crimes	-0.41	1.05
led	-0.41	1.10
mass	-0.41	0.92
indie	-0.41	1.10
pulls	-0.41	1.12
theres	-0.41	1.96
address	-0.41	2.05
viewers	-0.41	1.05
gives	-0.41	1.31
belong	-0.41	1.79
elsewhere	-0.41	1.81
conflict	-0.41	1.21
assault	-0.41	1.01
tension	-0.41	1.15
scenario	-0.41	1.31
despite	-0.41	1.26
revealing	-0.41	1.20
feed	-0.41	1.00
plenty	-0.41	1.24
par	-0.40	2.06
insanely	-0.40	1.41
genuinely	-0.40	1.38
twitter	-0.40	1.34
castle	-0.40	1.12
drama	-0.40	1.06
innocent	-0.40	1.17
behind	-0.40	1.15
conversation	-0.40	1.67
happily	-0.40	1.81
introduction	-0.40	1.16
omega	-0.40	0.96
sarcastic	-0.40	2.12
follow	-0.40	1.58
mankind	-0.40	1.07
cocaine	-0.40	0.90
comedy	-0.40	1.02
dedicated	-0.39	1.19
difference	-0.39	1.65
industry	-0.39	1.16
threats	-0.39	0.95
highly	-0.39	1.22
away	-0.39	1.06
freak	-0.39	1.19
hands	-0.39	1.00
developing	-0.39	1.14
critic	-0.39	1.05
hang	-0.39	1.89
where	-0.38	1.77
further	-0.38	1.32
impression	-0.38	1.51
views	-0.38	1.40
viewing	-0.38	1.22
tons	-0.38	1.20
consciousness	-0.38	1.00
voted	-0.38	1.77
critics	-0.38	1.13
destroy	-0.38	1.05
places	-0.38	1.15
originally	-0.38	1.84
reality	-0.38	1.22
perception	-0.38	1.24
conclusion	-0.38	1.76
beliefs	-0.38	1.32
funeral	-0.38	1.58
regardless	-0.38	1.66
iii	-0.38	1.05
judge	-0.38	1.64
maker	-0.38	1.00
jail	-0.38	1.11
tastes	-0.37	1.30
population	-0.37	0.96
writers	-0.37	1.83
throat	-0.37	0.95
praised	-0.37	2.34
narrative	-0.37	1.63
kinds	-0.37	1.26
executive	-0.37	1.18
moving	-0.37	1.08
objective	-0.37	1.48
salvation	-0.37	0.97
small	-0.37	1.10
reads	-0.37	1.23
seats	-0.37	1.01
interview	-0.37	1.01
purely	-0.37	1.43
starting	-0.37	1.16
hand	-0.37	1.00
once	-0.37	1.60
moral	-0.37	1.19
body	-0.37	0.93
comedic	-0.37	1.20
bothers	-0.37	2.09
kick	-0.37	0.94
number	-0.37	1.16
retired	-0.37	1.16
rumors	-0.37	1.02
holding	-0.37	1.05
spaceballs	-0.36	1.12
shrek	-0.36	0.90
challenge	-0.36	1.45
viewed	-0.36	0.99
pussy	-0.36	1.36
projects	-0.36	1.25
fill	-0.36	1.28
stating	-0.36	2.59
possibility	-0.36	1.35
screenwriter	-0.36	1.92
surrounding	-0.36	1.03
planning	-0.36	1.47
productions	-0.36	1.15
joke	-0.36	1.51
key	-0.36	1.54
speculation	-0.36	1.68
court	-0.35	1.37
teeth	-0.35	0.98
ball	-0.35	0.98
lucas	-0.35	1.31
touching	-0.35	2.11
chunk	-0.35	1.17
shown	-0.35	1.26
ground	-0.35	0.99
peoples	-0.35	1.31
convenient	-0.35	1.22
burned	-0.35	0.86
writer	-0.35	1.91
noise	-0.35	1.27
slavery	-0.35	1.26
currently	-0.35	1.13
referred	-0.34	1.35
drug	-0.34	0.98
opens	-0.34	1.16
portray	-0.34	1.76
staring	-0.34	1.01
corporate	-0.34	1.01
jumps	-0.34	0.97
nk	-0.34	0.94
represent	-0.34	1.33
establish	-0.34	1.44
current	-0.34	1.20
neck	-0.34	0.97
podcast	-0.34	1.01
view	-0.34	1.50
amounts	-0.34	1.06
mindset	-0.34	1.29
spirit	-0.34	1.33
opposite	-0.34	1.86
angry	-0.34	1.32
responses	-0.34	1.85
passion	-0.34	1.10
concern	-0.34	1.23
sticking	-0.34	0.99
goyer	-0.34	1.86
advertised	-0.34	1.06
assumption	-0.33	2.08
measure	-0.33	1.24
other	-0.33	1.29
related	-0.33	1.32
widely	-0.33	1.04
mainstream	-0.33	0.95
results	-0.33	1.10
toward	-0.33	1.18
belief	-0.33	1.37
monkey	-0.33	0.97
numerous	-0.33	1.21
purpose	-0.33	1.94
cave	-0.33	1.05
core	-0.33	1.12
throwing	-0.33	1.16
franchises	-0.33	1.20
humanity	-0.32	1.11
airplane	-0.32	1.15
non	-0.32	1.06
popular	-0.32	1.23
humour	-0.32	1.29
spread	-0.32	1.06
whose	-0.32	1.25
greater	-0.32	1.15
through	-0.32	1.09
climax	-0.32	1.15
treasure	-0.32	0.97
reset	-0.32	0.98
referencing	-0.32	2.24
personal	-0.32	1.59
develop	-0.32	1.31
room	-0.32	1.02
pretty	-0.32	1.76
leaving	-0.32	1.10
raise	-0.32	1.33
prince	-0.31	1.17
searching	-0.31	1.31
review	-0.31	1.09
scale	-0.31	1.13
fun	-0.31	1.43
thrown	-0.31	1.01
fingers	-0.31	1.00
mode	-0.31	1.08
evidence	-0.31	1.71
many	-0.31	1.28
reflect	-0.31	1.31
blank	-0.31	1.15
handful	-0.31	1.22
taken	-0.31	1.30
humor	-0.31	1.32
bullets	-0.31	0.91
ran	-0.31	1.02
lower	-0.31	1.07
posted	-0.30	1.76
against	-0.30	1.34
hood	-0.30	1.23
before	-0.30	1.51
makers	-0.30	1.24
came	-0.30	1.43
vaguely	-0.30	1.50
exists	-0.30	1.39
across	-0.30	1.10
versions	-0.30	1.09
seek	-0.30	1.75
floor	-0.30	1.00
villain	-0.30	1.40
flawed	-0.30	1.25
hero	-0.30	1.26
seems	-0.30	1.62
along	-0.30	1.25
hell	-0.29	2.81
70s	-0.29	1.08
3rd	-0.29	1.23
praise	-0.29	2.79
replace	-0.29	1.04
resources	-0.29	1.18
primarily	-0.29	1.13
wrote	-0.29	1.87
evil	-0.29	1.00
illegal	-0.29	1.03
higher	-0.29	1.08
sci-fi	-0.29	1.14
ranger	-0.29	0.92
pace	-0.29	1.54
wonder	-0.29	1.47
loop	-0.29	1.07
60s	-0.29	1.02
badly	-0.29	1.65
jumping	-0.29	1.01
hopefully	-0.29	1.83
size	-0.29	1.10
tmnt	-0.29	0.79
broken	-0.29	1.61
treated	-0.29	1.05
adore	-0.29	1.66
majority	-0.29	1.04
teenage	-0.29	0.80
floating	-0.29	1.30
transition	-0.29	1.19
youth	-0.28	0.82
m	-0.28	2.14
reach	-0.28	1.29
ripped	-0.28	1.04
vein	-0.28	1.05
escape	-0.28	1.25
crushed	-0.28	0.92
plastic	-0.28	1.30
decades	-0.28	1.25
at	-0.28	1.12
surprised	-0.28	1.94
look	-0.28	1.88
answered	-0.28	2.08
earlier	-0.28	1.22
survival	-0.28	1.10
william	-0.28	1.05
eye	-0.28	1.12
oddly	-0.28	1.39
cult	-0.27	1.17
sensitive	-0.27	1.02
producing	-0.27	1.14
ironic	-0.27	1.63
countless	-0.27	1.19
freaked	-0.27	1.29
writes	-0.27	1.91
killing	-0.27	1.16
pride	-0.27	0.87
myth	-0.27	1.28
depth	-0.27	1.30
rain	-0.27	0.85
rules	-0.27	1.23
popcorn	-0.27	0.89
arc	-0.27	1.29
independent	-0.27	1.13
switched	-0.27	1.22
full	-0.27	1.08
favourite	-0.27	3.15
thriller	-0.27	1.08
creating	-0.27	1.28
those	-0.27	1.30
shift	-0.27	1.11
entry	-0.27	1.57
sounding	-0.27	1.31
rangers	-0.26	0.87
added	-0.26	1.65
jar	-0.26	1.08
active	-0.26	1.11
acclaimed	-0.26	1.29
stretch	-0.26	1.50
goal	-0.26	1.84
pirate	-0.26	1.07
ability	-0.26	1.47
business	-0.26	1.11
returned	-0.26	0.98
sticks	-0.26	1.01
hire	-0.26	1.37
criminal	-0.26	1.13
cheaper	-0.26	1.17
expand	-0.26	1.33
curious	-0.26	2.17
torn	-0.26	1.49
additional	-0.26	1.37
disbelief	-0.26	1.21
bodies	-0.26	0.67
accessible	-0.26	0.86
experiment	-0.26	1.13
ready	-0.26	2.04
ahead	-0.26	1.92
late	-0.26	0.98
backwards	-0.25	1.07
princess	-0.25	1.07
teenager	-0.25	0.78
reaching	-0.25	1.12
learn	-0.25	1.69
drop	-0.25	1.08
vast	-0.25	1.05
helicopter	-0.25	0.96
board	-0.25	1.00
present	-0.25	1.29
convinced	-0.25	1.66
afraid	-0.25	1.81
ads	-0.25	1.06
blazing	-0.25	1.15
including	-0.25	1.23
similarities	-0.25	1.40
mpaa	-0.25	1.04
regards	-0.25	1.93
posting	-0.24	1.72
brains	-0.24	1.05
counting	-0.24	2.10
details	-0.24	1.71
dropped	-0.24	0.99
function	-0.24	1.27
legs	-0.24	0.94
reviews	-0.24	1.25
sleeping	-0.24	1.05
switch	-0.24	1.26
soooo	-0.24	1.85
arrested	-0.24	1.03
quality	-0.24	1.20
polanski	-0.24	1.14
prequel	-0.24	0.87
sex	-0.24	0.97
yours	-0.24	2.28
main	-0.23	1.31
commenting	-0.23	2.05
keeping	-0.23	1.23
similarly	-0.23	1.55
purposes	-0.23	1.38
miyazaki	-0.23	1.23
ii	-0.23	1.07
works	-0.23	1.42
crime	-0.23	1.07
bug	-0.23	0.89
repeatedly	-0.23	1.00
bullet	-0.23	0.89
producer	-0.23	1.53
knife	-0.23	0.94
theories	-0.22	1.42
jam	-0.22	0.92
working	-0.22	1.37
political	-0.22	1.11
public	-0.22	1.15
our	-0.22	1.26
rule	-0.22	1.35
highlight	-0.22	1.26
dramatic	-0.22	1.18
option	-0.22	1.31
barrel	-0.22	1.26
until	-0.22	1.42
sole	-0.22	1.41
suspension	-0.22	1.20
levels	-0.22	1.11
reminded	-0.22	2.35
officially	-0.22	1.09
among	-0.21	1.49
mine	-0.21	1.44
sci	-0.21	1.16
completely	-0.21	1.66
addition	-0.21	1.39
creates	-0.21	1.16
early	-0.21	1.00
sends	-0.21	1.13
ridiculous	-0.21	2.46
big	-0.21	1.01
basement	-0.20	1.02
object	-0.20	1.02
personality	-0.20	1.29
initial	-0.20	1.33
alpha	-0.20	0.95
articles	-0.20	1.26
granted	-0.20	1.88
brooks	-0.20	1.10
trilogy	-0.20	1.32
pirates	-0.20	0.99
bottom	-0.20	1.36
distance	-0.20	1.04
horror	-0.20	1.01
flaw	-0.20	2.21
arms	-0.20	0.98
user	-0.20	1.22
blown	-0.20	0.94
famous	-0.20	1.60
define	-0.20	1.96
gimmick	-0.20	1.22
upper	-0.20	1.08
propaganda	-0.19	1.11
valid	-0.19	2.37
flip	-0.19	1.25
final	-0.19	1.10
requires	-0.19	1.36
sells	-0.19	1.07
modern	-0.19	1.13
killers	-0.19	0.96
dirt	-0.19	0.73
differently	-0.19	1.80
frame	-0.19	1.15
gun	-0.19	0.97
irrelevant	-0.19	3.45
describing	-0.19	2.09
witty	-0.19	1.42
white	-0.19	1.15
imdb	-0.19	1.15
options	-0.19	1.33
apply	-0.19	2.00
emphasis	-0.19	1.37
comeback	-0.19	1.11
gt	-0.19	3.91
statement	-0.19	2.28
grossing	-0.19	1.73
appearance	-0.19	1.09
caught	-0.18	1.26
produce	-0.18	1.22
lived	-0.18	1.05
shoulder	-0.18	0.97
buy	-0.18	1.11
dozens	-0.18	1.19
furious	-0.18	0.89
heavy	-0.18	1.16
submission	-0.18	2.09
effectively	-0.18	1.56
murdered	-0.18	1.94
live	-0.18	1.04
influence	-0.18	1.18
serial	-0.18	1.08
mockingjay	-0.18	1.12
original	-0.18	1.14
spent	-0.18	1.21
everyday	-0.18	1.10
overlooked	-0.18	1.08
government	-0.17	1.07
ups	-0.17	1.36
seaworld	-0.17	1.26
intent	-0.17	2.18
half	-0.17	1.40
mario	-0.17	0.89
flair	-0.17	1.67
bilbo	-0.17	1.04
after	-0.17	1.40
classic	-0.17	1.69
previews	-0.17	1.07
korea	-0.17	0.94
essential	-0.17	1.38
plan	-0.17	1.53
versus	-0.17	0.98
sites	-0.17	1.18
facts	-0.17	2.17
cameos	-0.17	1.15
guessing	-0.17	2.69
percentage	-0.17	0.99
cell	-0.17	1.07
natural	-0.17	1.17
audiences	-0.17	0.87
status	-0.17	1.10
timeline	-0.17	1.25
highest	-0.17	1.83
monty	-0.16	1.15
general	-0.16	0.94
anyways	-0.16	2.97
megan	-0.16	1.12
live-action	-0.16	1.02
oil	-0.16	0.85
represented	-0.16	1.19
statements	-0.16	2.17
selling	-0.16	1.14
near	-0.16	1.13
arrow	-0.16	1.07
animated	-0.16	1.13
central	-0.16	1.25
accepted	-0.16	1.04
benefit	-0.16	1.29
90s	-0.16	0.90
teenagers	-0.16	0.83
alternate	-0.16	1.19
onto	-0.16	1.02
strategy	-0.16	1.23
door	-0.16	1.01
hearing	-0.16	1.33
charm	-0.16	1.18
repeated	-0.16	1.32
favor	-0.16	1.55
thousands	-0.16	1.12
desert	-0.15	0.93
rumor	-0.15	1.18
success	-0.15	1.28
birds	-0.15	0.90
sum	-0.15	1.68
wreck	-0.15	0.95
various	-0.15	1.22
nerd	-0.15	1.17
budget	-0.15	1.18
aging	-0.15	0.92
alongside	-0.15	1.13
knock	-0.15	1.48
period	-0.15	1.11
section	-0.15	1.52
scientists	-0.15	0.86
politics	-0.15	1.14
response	-0.15	2.03
own	-0.15	1.45
held	-0.15	1.01
my	-0.15	1.84
negative	-0.15	1.35
users	-0.15	1.73
shaky	-0.15	1.28
niche	-0.15	0.96
daily	-0.15	1.12
hour	-0.15	1.20
gain	-0.15	1.13
stay	-0.15	1.49
developed	-0.15	1.22
follows	-0.15	1.21
culture	-0.14	1.12
connected	-0.14	1.29
effort	-0.14	1.32
antagonist	-0.14	1.31
serves	-0.14	1.28
profitable	-0.14	1.05
nation	-0.14	0.99
python	-0.14	1.16
sides	-0.14	1.33
creators	-0.14	1.32
emotionally	-0.14	1.37
fast	-0.14	1.13
rescue	-0.14	1.19
audience	-0.14	0.91
potential	-0.14	1.08
freedom	-0.14	1.22
devices	-0.14	1.29
cutting	-0.14	1.43
scientology	-0.14	1.08
buying	-0.14	1.14
placed	-0.14	1.32
demons	-0.14	1.11
afford	-0.14	1.32
energy	-0.14	0.98
bob	-0.13	1.20
representation	-0.13	1.49
height	-0.13	1.04
reactions	-0.13	1.23
jungle	-0.13	1.00
blog	-0.13	1.38
adventure	-0.13	1.10
waited	-0.13	1.33
standards	-0.13	1.11
philosophical	-0.13	1.20
automatically	-0.13	1.71
table	-0.13	0.98
north	-0.13	0.99
next	-0.13	1.37
5th	-0.13	1.07
page	-0.13	1.53
mountain	-0.13	1.07
differences	-0.13	1.55
regarded	-0.12	1.15
sort	-0.12	1.54
meat	-0.12	0.84
direct	-0.12	1.28
gotten	-0.12	2.40
confirm	-0.12	1.93
hangover	-0.12	1.18
dangerous	-0.12	1.16
bride	-0.12	1.00
ghibli	-0.12	1.12
squad	-0.12	1.11
popped	-0.12	1.04
identity	-0.12	1.35
toy	-0.12	0.93
naturally	-0.12	1.12
mid	-0.12	0.94
entertainment	-0.12	1.28
pointed	-0.12	1.90
gon	-0.12	2.70
fi	-0.12	1.08
skin	-0.12	0.83
blast	-0.12	0.89
cities	-0.12	0.89
c	-0.12	1.49
freddy	-0.12	1.07
risk	-0.12	0.95
areas	-0.12	1.05
life	-0.12	1.50
lightning	-0.12	0.95
interests	-0.12	1.13
generation	-0.12	0.88
responding	-0.12	2.63
legend	-0.12	1.05
prequels	-0.12	0.99
upon	-0.11	1.01
created	-0.11	1.31
turtles	-0.11	0.94
volume	-0.11	1.09
draw	-0.11	1.33
entertained	-0.11	1.32
technology	-0.11	1.13
casual	-0.11	1.00
mixed	-0.11	1.21
paul	-0.11	1.58
k	-0.11	1.49
organization	-0.11	0.98
necessary	-0.11	1.70
security	-0.11	1.07
focus	-0.11	1.22
breaking	-0.11	1.05
spirited	-0.11	1.08
showing	-0.11	1.05
approach	-0.11	1.36
legal	-0.11	1.32
secret	-0.11	0.89
rate	-0.11	1.03
types	-0.11	1.23
past	-0.11	1.17
respond	-0.11	2.47
piracy	-0.11	1.14
darkness	-0.11	0.87
position	-0.11	1.51
crash	-0.11	1.01
toys	-0.11	0.95
wind	-0.11	1.06
disappointed	-0.11	1.62
sw	-0.10	0.95
wider	-0.10	0.97
bot	-0.10	1.83
acceptable	-0.10	1.22
got	-0.10	2.06
traditional	-0.10	1.32
recommend	-0.10	1.40
sent	-0.10	1.18
quiet	-0.10	1.09
capable	-0.10	1.24
links	-0.10	1.50
snyder	-0.10	1.18
jj	-0.10	0.82
parallel	-0.10	1.20
funding	-0.10	1.14
turtle	-0.10	0.95
documentary	-0.10	1.29
physical	-0.10	1.16
ill	-0.10	2.37
means	-0.10	2.91
isnt	-0.10	2.31
flashback	-0.10	1.14
accounts	-0.09	1.62
cam	-0.09	1.27
adapt	-0.09	1.66
focuses	-0.09	1.26
reverse	-0.09	1.35
character	-0.09	1.39
90	-0.09	1.00
level	-0.09	1.21
online	-0.09	1.12
gap	-0.09	1.13
visit	-0.09	1.28
health	-0.09	1.08
fantasy	-0.09	1.12
bones	-0.09	0.96
am	-0.09	2.09
imagination	-0.09	1.13
coming	-0.09	1.50
primary	-0.09	1.39
serve	-0.09	1.15
regular	-0.09	1.07
religion	-0.09	1.30
magazine	-0.09	1.14
feet	-0.09	1.09
precisely	-0.09	1.59
capture	-0.09	1.41
scares	-0.08	1.12
multiple	-0.08	1.22
cross	-0.08	1.05
abrams	-0.08	0.84
alternative	-0.08	1.42
answers	-0.08	1.81
realism	-0.08	1.30
teen	-0.08	0.81
sometime	-0.08	1.27
stuck	-0.08	1.16
satire	-0.08	1.29
existing	-0.08	1.23
kinda	-0.08	1.94
trees	-0.08	0.88
accidentally	-0.08	1.39
showed	-0.08	1.10
fly	-0.08	1.06
notion	-0.08	1.61
website	-0.08	1.36
framed	-0.08	1.12
satisfying	-0.08	1.22
2nd	-0.08	1.26
served	-0.08	1.03
connections	-0.08	1.09
beach	-0.08	0.98
infinite	-0.08	1.19
creativity	-0.08	1.36
generations	-0.08	0.94
ass	-0.08	1.23
several	-0.08	1.20
budgets	-0.08	1.12
99	-0.07	0.96
war	-0.07	1.05
lens	-0.07	1.06
strictly	-0.07	1.59
invasion	-0.07	0.91
pushed	-0.07	1.09
temple	-0.07	1.41
shyamalan	-0.07	0.98
below	-0.07	1.75
local	-0.07	1.01
charge	-0.07	1.08
millions	-0.07	1.11
include	-0.07	1.74
rare	-0.07	1.34
z	-0.07	1.29
cultural	-0.07	1.18
environment	-0.07	1.19
fuzz	-0.07	1.18
sources	-0.07	1.40
sigh	-0.07	2.20
critical	-0.07	1.55
interested	-0.07	2.13
deal	-0.07	1.43
70	-0.07	1.02
standard	-0.07	1.26
min	-0.06	1.10
lowest	-0.06	0.94
marty	-0.06	1.09
source	-0.06	1.49
outside	-0.06	1.18
wars	-0.06	0.95
kickstarter	-0.06	1.12
metropolis	-0.06	0.89
wan	-0.06	1.92
symbol	-0.06	1.00
perspective	-0.06	1.35
dozen	-0.06	1.19
rocks	-0.06	0.90
ratings	-0.06	1.01
hundreds	-0.06	1.15
portrayed	-0.06	1.31
aspects	-0.06	1.49
basis	-0.06	1.67
screens	-0.06	1.06
bow	-0.06	1.04
ago	-0.06	1.31
wise	-0.06	2.05
weight	-0.06	0.99
guns	-0.06	1.04
pineapple	-0.06	1.12
twilight	-0.05	0.97
service	-0.05	1.14
releasing	-0.05	1.03
cold	-0.05	1.00
properly	-0.05	1.93
trailers	-0.05	1.38
called	-0.05	1.53
narrator	-0.05	1.19
prison	-0.05	1.05
introduced	-0.05	1.10
editing	-0.05	2.21
menace	-0.05	0.99
flaws	-0.05	2.08
post	-0.05	2.11
numbers	-0.05	1.18
limits	-0.05	1.20
tone	-0.05	1.50
ugly	-0.05	1.36
evolution	-0.05	1.07
phantom	-0.05	0.99
dammit	-0.05	2.52
premise	-0.05	1.66
twice	-0.05	1.59
fourth	-0.05	1.10
provided	-0.05	1.44
bathroom	-0.05	0.98
media	-0.05	1.09
intention	-0.05	2.43
frankenstein	-0.04	1.00
different	-0.04	1.19
site	-0.04	1.35
ocean	-0.04	1.00
paradox	-0.04	1.31
cinemas	-0.04	1.03
future	-0.04	1.20
laws	-0.04	1.23
kitchen	-0.04	0.97
control	-0.04	1.14
prices	-0.04	1.11
checked	-0.04	1.40
mickey	-0.04	1.20
spin	-0.04	1.05
spend	-0.04	1.15
learned	-0.04	1.22
took	-0.04	1.31
miles	-0.04	1.18
genetic	-0.04	0.99
unsettling	-0.03	1.52
joking	-0.03	3.92
emotional	-0.03	1.21
funny	-0.03	1.22
waiting	-0.03	1.75
following	-0.03	1.03
blowing	-0.03	0.89
window	-0.03	0.98
mins	-0.03	1.20
amount	-0.03	1.21
intended	-0.03	2.04
franchise	-0.03	1.14
appeal	-0.03	0.89
influenced	-0.03	1.22
build	-0.03	1.24
holes	-0.03	1.94
promote	-0.03	1.41
analysis	-0.03	1.34
includes	-0.03	1.30
theaters	-0.02	1.02
goosebumps	-0.02	1.54
stealing	-0.02	1.18
groups	-0.02	1.05
require	-0.02	1.42
times	-0.02	1.27
tall	-0.02	0.93
theatres	-0.02	1.02
fairy	-0.02	1.09
trick	-0.02	1.17
iv	-0.02	0.94
thoughts	-0.02	1.39
certain	-0.02	1.21
buildings	-0.02	0.98
base	-0.02	1.08
0	-0.02	1.27
linked	-0.02	1.67
sony	-0.01	1.20
perform	-0.01	1.19
invested	-0.01	1.37
scary	-0.01	1.19
woods	-0.01	0.97
beings	-0.01	1.04
flies	-0.01	0.91
noir	-0.01	1.16
adventures	-0.01	1.00
mars	-0.01	0.84
hitting	-0.01	1.00
sky	-0.01	0.97
cut	-0.01	1.24
focused	-0.01	1.00
train	-0.01	0.98
cabin	-0.01	0.99
human	-0.01	1.01
terrified	-0.01	1.49
deals	-0.01	1.17
round	-0.01	1.00
tough	-0.01	1.61
dark	-0.01	1.22
evolved	-0.01	1.06
friday	-0.01	0.97
gunn	-0.01	1.48
legitimate	-0.01	1.69
chosen	-0.01	1.31
suppose	-0.01	2.81
square	-0.01	1.05
reading	-0.01	1.38
handled	-0.01	1.39
average	-0.01	1.01
oz	-0.01	0.98
power	-0.01	1.02
later	-0.01	1.29
coke	-0.00	0.88
grow	-0.00	1.05
fashion	-0.00	1.29
pizza	-0.00	0.85
insert	-0.00	1.76
chasing	-0.00	0.98
weekend	-0.00	1.02
seriously	-0.00	2.98
trade	-0.00	1.09
commercial	-0.00	1.07
under	-0.00	0.90
plans	-0.00	1.41
chain	-0.00	0.98
worth	-0.00	1.67
remade	0.00	1.11
invisible	0.00	0.98
strong	0.00	1.28
return	0.00	0.92
obi-wan	0.00	1.09
months	0.00	1.32
weapons	0.00	1.04
duty	0.00	1.00
anime	0.01	1.04
remake	0.01	0.93
laser	0.01	0.87
whedon	0.01	1.71
fucker	0.01	1.74
insurance	0.01	1.17
dumber	0.01	0.99
star	0.01	0.90
dwarves	0.01	1.08
joss	0.01	1.71
were	0.01	1.71
creepy	0.01	1.38
damnit	0.01	2.29
optimus	0.01	0.92
area	0.01	1.00
aware	0.01	2.46
product	0.01	1.15
express	0.01	0.91
map	0.01	1.12
iconic	0.01	2.06
dimensional	0.02	1.12
1998	0.02	1.05
danger	0.02	0.99
imax	0.02	1.07
nervous	0.02	1.87
setup	0.02	1.39
hits	0.02	0.87
hercules	0.02	1.05
learning	0.02	1.43
screen	0.02	1.12
percent	0.02	0.99
during	0.02	1.10
humans	0.02	0.95
pulled	0.02	1.06
moves	0.02	1.20
town	0.02	0.97
anakin	0.02	1.01
tangled	0.02	1.01
medical	0.02	1.22
truck	0.02	1.03
pg	0.02	0.87
trip	0.02	1.01
animals	0.02	0.94
simpsons	0.02	1.03
<SPECIAL>	0.02	0.97
<URL>	0.02	0.97
35mm	0.02	1.18
ties	0.03	1.19
products	0.03	1.16
information	0.03	1.38
commentary	0.03	1.11
shooting	0.03	1.03
opera	0.03	1.09
maintain	0.03	1.17
sith	0.03	1.02
watched	0.03	1.68
superbad	0.03	1.14
cuts	0.03	1.45
protagonists	0.03	1.29
executed	0.03	1.50
kyle	0.03	0.99
meta	0.03	1.40
looking	0.03	2.24
hours	0.03	1.24
demographic	0.03	0.85
t2	0.03	0.95
dna	0.04	1.00
variety	0.04	1.18
rabbit	0.04	0.98
presence	0.04	1.17
long	0.04	1.17
roger	0.04	1.01
twins	0.04	0.92
sunday	0.04	1.01
religious	0.04	1.30
minute	0.04	1.23
ratio	0.04	1.12
obi	0.04	1.09
rental	0.04	1.10
provide	0.04	1.61
intellectual	0.04	1.10
spoilers	0.04	1.71
vii	0.04	0.88
minutes	0.04	1.23
limit	0.04	1.18
filming	0.04	1.18
resolution	0.04	1.17
4th	0.04	1.08
quirky	0.04	1.39
dimension	0.04	1.10
match	0.04	1.26
intelligence	0.04	1.14
rocky	0.04	1.05
2d	0.04	1.13
money	0.04	1.17
proved	0.05	1.00
finale	0.05	1.11
fire	0.05	0.91
marathon	0.05	1.22
contains	0.05	1.39
upvote	0.05	2.00
cinema	0.05	1.18
strikes	0.05	0.95
established	0.05	1.12
balance	0.05	1.09
titans	0.05	0.98
darth	0.05	1.01
within	0.05	1.17
wet	0.05	0.75
city	0.05	0.94
grounded	0.05	1.23
era	0.05	1.01
content	0.05	1.18
worlds	0.05	0.90
fuel	0.05	1.02
connor	0.05	1.01
years	0.05	1.24
building	0.05	1.07
directly	0.06	1.72
guard	0.06	0.93
ashamed	0.06	2.02
foot	0.06	0.91
spoke	0.06	1.40
depiction	0.06	1.62
electric	0.06	1.05
system	0.06	1.15
via	0.06	1.21
positive	0.06	1.29
1980	0.06	1.00
travel	0.06	1.20
animal	0.06	0.93
luckily	0.06	1.28
seconds	0.06	1.24
surface	0.06	0.96
holds	0.06	1.29
download	0.06	1.23
engine	0.06	0.95
timing	0.06	1.73
brave	0.06	0.98
hd	0.06	1.10
tickets	0.06	1.05
tail	0.06	0.91
elements	0.06	1.27
pissed	0.06	1.81
copyright	0.06	1.33
chapter	0.06	1.30
offered	0.06	1.31
military	0.06	1.09
risky	0.07	1.11
included	0.07	2.04
sale	0.07	1.14
file	0.07	1.26
episode	0.07	0.98
loses	0.07	1.60
yoda	0.07	1.03
span	0.07	1.19
amc	0.07	1.03
surprisingly	0.07	1.19
maul	0.07	1.07
1990	0.07	0.94
land	0.07	0.95
bacon	0.07	0.88
facebook	0.07	1.43
center	0.07	1.06
store	0.07	1.10
skywalker	0.07	1.02
solve	0.07	1.78
bus	0.07	0.99
tropic	0.07	1.16
commercials	0.07	1.09
smaug	0.07	1.14
history	0.07	1.39
trek	0.07	0.84
nonetheless	0.07	1.39
advanced	0.08	1.03
specifically	0.08	2.17
cartoon	0.08	0.88
greatest	0.08	3.01
expanded	0.08	1.10
phone	0.08	1.18
afternoon	0.08	1.04
returning	0.08	0.77
1000	0.08	1.11
valley	0.08	1.07
plane	0.08	0.96
super	0.08	1.38
quest	0.08	1.02
associated	0.08	1.36
understandable	0.08	1.63
car	0.08	1.02
r	0.08	1.24
caesar	0.08	1.05
gas	0.08	0.92
beast	0.08	1.10
zombies	0.08	0.85
alien	0.08	0.90
creator	0.08	1.32
whom	0.08	1.72
open	0.08	1.10
definitive	0.08	1.26
normal	0.08	1.04
scare	0.08	1.14
faith	0.08	1.17
director	0.08	1.68
hitler	0.08	1.01
office	0.09	1.27
named	0.09	1.75
states	0.09	1.07
involvement	0.09	1.09
some	0.09	1.51
cameo	0.09	1.08
descent	0.09	1.02
purchase	0.09	1.17
reader	0.09	1.19
forces	0.09	1.02
adaptations	0.09	1.49
vehicle	0.09	1.05
copy	0.09	1.13
invented	0.09	1.23
collateral	0.09	0.84
length	0.09	1.14
4k	0.09	1.17
slight	0.09	1.43
losing	0.09	1.60
figures	0.09	1.23
effect	0.09	1.16
clones	0.09	0.99
safety	0.09	0.95
jedi	0.10	1.03
vader	0.10	1.03
spending	0.10	1.15
ama	0.10	1.61
their	0.10	1.38
clone	0.10	0.98
net	0.10	1.16
crystal	0.10	0.84
preview	0.10	1.13
lion	0.10	1.02
43	0.10	1.04
blu-ray	0.10	1.11
explanation	0.10	1.75
army	0.10	0.98
fame	0.10	1.59
frames	0.10	1.11
planes	0.10	0.95
guide	0.10	1.07
republic	0.10	0.99
legolas	0.10	1.03
na	0.10	2.64
last	0.10	1.42
box	0.10	1.27
asian	0.10	1.18
search	0.10	1.40
waking	0.10	1.00
two	0.10	1.25
uncle	0.10	1.86
artificial	0.10	1.06
soldiers	0.10	1.04
canada	0.10	1.06
middle	0.11	1.14
cia	0.11	1.03
tdk	0.11	1.24
pages	0.11	1.18
supernatural	0.11	1.07
misleading	0.11	3.42
videos	0.11	1.16
lore	0.11	1.12
shot	0.11	1.33
high	0.11	1.07
instant	0.11	1.16
stream	0.11	1.16
voices	0.11	1.29
few	0.11	1.20
target	0.11	0.87
enjoyment	0.11	1.04
companies	0.11	1.19
creation	0.11	1.28
70mm	0.11	1.13
origins	0.11	1.25
black	0.11	1.01
scared	0.11	1.20
slap	0.11	1.05
terms	0.11	1.85
bought	0.11	1.15
itunes	0.12	1.15
copies	0.12	1.13
mutant	0.12	1.01
sounded	0.12	1.42
stories	0.12	1.31
minor	0.12	1.91
scope	0.12	1.23
thunder	0.12	1.16
access	0.12	1.23
streaming	0.12	1.18
apartment	0.12	1.02
revenue	0.12	1.16
halloween	0.12	0.96
zero	0.12	1.30
equal	0.12	1.29
terminator	0.12	0.89
charlie	0.12	1.13
mist	0.12	1.01
depicted	0.12	1.50
tomatoes	0.12	1.03
claws	0.12	1.06
wwii	0.12	0.96
bridge	0.12	0.94
trained	0.12	1.07
incredibles	0.12	0.95
rent	0.12	1.12
fought	0.12	0.93
meets	0.12	2.74
closely	0.12	1.41
rotten	0.12	1.03
acted	0.12	1.49
tip	0.12	1.67
dale	0.13	0.94
okay	0.13	3.88
former	0.13	1.13
pleasantly	0.13	1.40
featured	0.13	1.11
ww2	0.13	0.96
species	0.13	0.95
superheroes	0.13	1.18
movement	0.13	1.31
account	0.13	1.52
rt	0.13	1.02
u.s	0.13	1.08
together	0.13	1.41
new	0.13	1.02
shaun	0.13	0.96
75	0.13	1.03
machines	0.13	1.01
digital	0.13	1.15
aimed	0.13	0.84
quick	0.13	1.31
empire	0.13	0.99
japan	0.13	0.93
builds	0.13	1.24
stolen	0.13	1.11
sequel	0.13	1.11
african	0.13	1.08
separate	0.13	1.21
mandarin	0.13	1.11
saturday	0.13	1.02
followed	0.13	1.27
epic	0.13	1.24
research	0.13	1.35
yesterday	0.13	1.35
state	0.13	1.08
ticket	0.14	1.09
aspect	0.14	1.27
bell	0.14	0.93
potter	0.14	1.26
dvd	0.14	1.13
ghosts	0.14	1.03
aliens	0.14	0.89
cars	0.14	0.98
youtube	0.14	1.28
factory	0.14	0.94
format	0.14	1.18
dofp	0.14	1.21
clark	0.14	0.96
replied	0.14	2.66
ad	0.14	1.38
korean	0.14	1.04
assassination	0.14	1.11
wiki	0.14	1.42
available	0.14	1.15
applies	0.14	1.71
group	0.14	1.01
citizen	0.14	1.16
grade	0.14	1.24
lost	0.14	1.10
button	0.14	1.36
1st	0.14	1.10
hidden	0.14	1.14
member	0.14	1.03
bite	0.14	1.03
chocolate	0.15	0.89
apple	0.15	1.23
tank	0.15	0.97
eu	0.15	1.11
rating	0.15	1.00
logan	0.15	1.12
cartoons	0.15	0.88
planned	0.15	1.23
finished	0.15	1.57
update	0.15	1.49
older	0.15	0.69
free	0.15	1.18
saw	0.15	1.42
billion	0.15	1.42
shadows	0.15	1.00
battle	0.15	1.02
exchange	0.15	1.07
netflix	0.15	1.18
amazon	0.15	1.15
dvds	0.15	1.12
wikipedia	0.15	1.46
played	0.15	1.14
han	0.15	0.98
gf	0.16	1.73
roughly	0.16	1.16
europe	0.16	1.04
warning	0.16	1.82
artists	0.16	1.37
2000	0.16	1.03
interpretation	0.16	1.85
detail	0.16	1.35
anchorman	0.16	1.09
proof	0.16	1.46
emperor	0.16	1.01
comment	0.16	2.41
force	0.16	1.05
mortal	0.16	0.92
ghostbusters	0.16	1.08
footage	0.16	1.12
rise	0.16	1.06
sarah	0.16	0.91
stunt	0.16	1.20
ripley	0.16	0.88
hung	0.16	0.84
collection	0.16	1.16
100	0.16	1.13
rec	0.16	1.01
engineer	0.16	0.89
church	0.16	1.26
law	0.16	1.50
click	0.16	1.55
x3	0.16	1.23
closed	0.16	1.12
vibe	0.16	1.17
neo	0.17	1.08
firefly	0.17	1.06
extended	0.17	1.21
lightsaber	0.17	0.97
teens	0.17	0.78
professional	0.17	1.16
superman	0.17	1.04
shell	0.17	1.01
honor	0.17	2.26
plausible	0.17	1.50
south	0.17	1.04
sue	0.17	1.19
abilities	0.17	1.19
read	0.17	1.46
peak	0.17	0.96
maleficent	0.17	1.02
link	0.17	1.76
vhs	0.17	1.12
tied	0.17	1.18
300	0.17	1.07
solution	0.17	1.73
value	0.17	1.27
note	0.17	1.73
theatrical	0.17	1.21
double	0.17	0.95
universe	0.17	1.20
riding	0.17	0.93
alice	0.17	1.06
uses	0.17	1.51
filmmakers	0.17	1.34
country	0.17	1.02
equally	0.17	1.57
unknown	0.17	1.09
knocked	0.17	0.88
france	0.17	1.04
app	0.18	1.33
alcohol	0.18	0.80
enemies	0.18	0.96
built	0.18	1.21
known	0.18	1.29
hit	0.18	0.96
field	0.18	1.14
carpenter	0.18	0.98
considering	0.18	1.43
ate	0.18	0.81
x2	0.18	1.20
hobbit	0.18	1.06
flying	0.18	0.94
metaphor	0.18	1.63
season	0.18	1.03
tracking	0.18	1.16
95	0.18	1.00
advertising	0.18	1.32
shop	0.18	1.03
facial	0.18	1.12
sorta	0.18	1.53
week	0.18	1.33
identical	0.18	1.38
dollars	0.18	1.18
countries	0.19	1.07
honorable	0.19	0.94
boba	0.19	0.98
devil	0.19	1.01
marketed	0.19	1.10
sign	0.19	1.27
blu	0.19	1.14
bluray	0.19	1.14
lesser	0.19	1.98
ninja	0.19	0.98
africa	0.19	1.08
allen	0.19	1.37
shadow	0.19	0.94
launch	0.19	1.03
guy	0.19	1.63
radio	0.19	1.10
ray	0.19	1.17
required	0.19	1.84
clips	0.19	1.08
tool	0.19	1.28
profit	0.19	1.13
machine	0.19	1.06
luke	0.19	1.03
month	0.20	1.23
pro	0.20	1.21
solo	0.20	0.99
blair	0.20	1.01
realm	0.20	1.20
cameras	0.20	1.20
mistakes	0.20	2.61
perry	0.20	0.81
closing	0.20	1.09
subtle	0.20	1.40
describe	0.20	2.45
wtf	0.20	2.54
akira	0.20	1.05
episodes	0.20	1.05
australia	0.20	1.05
scifi	0.20	0.99
edition	0.20	1.20
parks	0.20	0.98
systems	0.20	1.11
friendship	0.20	1.10
forgive	0.20	2.71
tie	0.20	1.14
presented	0.20	1.39
conspiracy	0.20	1.16
armies	0.20	1.00
westerns	0.20	1.24
implies	0.20	2.70
powers	0.20	1.14
night	0.20	1.14
accurately	0.20	1.74
irony	0.20	2.38
demand	0.21	1.16
drove	0.21	1.35
snow	0.21	0.99
camera	0.21	1.37
promise	0.21	1.53
50	0.21	1.12
seasons	0.21	1.05
brief	0.21	1.23
tits	0.21	1.08
basic	0.21	1.53
report	0.21	0.83
google	0.21	1.40
counts	0.21	3.23
chicken	0.21	0.85
east	0.21	1.04
message	0.21	1.38
towers	0.21	0.98
video	0.21	1.07
released	0.21	1.15
specific	0.22	1.47
giving	0.22	1.89
storytelling	0.22	2.05
solved	0.22	1.60
frodo	0.22	1.00
campaign	0.22	1.36
designed	0.22	1.71
california	0.22	1.02
audio	0.22	1.26
ted	0.22	0.93
usa	0.22	1.01
xd	0.22	2.22
lunch	0.22	0.79
gandalf	0.22	1.02
woody	0.22	1.38
guaranteed	0.22	1.57
traffic	0.22	0.97
annoyed	0.22	1.73
pet	0.22	0.87
1994	0.22	0.96
urban	0.22	0.85
criterion	0.22	1.19
200	0.22	1.18
missing	0.22	3.77
strength	0.22	1.15
tales	0.22	1.18
neil	0.22	1.02
elves	0.22	1.00
viewings	0.22	1.45
mysterious	0.23	1.19
kim	0.23	0.97
bucks	0.23	1.16
fellowship	0.23	1.01
hint	0.23	1.78
restaurant	0.23	0.88
social	0.23	1.07
arnold	0.23	0.86
60	0.23	1.10
studio	0.23	1.32
assuming	0.23	3.90
jim	0.23	1.13
investment	0.23	0.97
angle	0.23	1.23
demon	0.23	1.10
texas	0.23	0.95
totally	0.23	2.03
weapon	0.23	0.88
themes	0.23	1.30
dear	0.23	1.94
45	0.23	1.12
actual	0.24	1.63
germany	0.24	1.00
library	0.24	1.17
dub	0.24	1.17
friend	0.24	2.16
gets	0.24	1.96
weeks	0.24	1.39
cyborg	0.24	1.04
ride	0.24	1.03
shows	0.24	1.04
weed	0.24	0.85
carrie	0.24	0.99
computer	0.24	1.26
published	0.24	1.52
element	0.24	1.21
justice	0.24	0.99
sentinels	0.24	1.14
sales	0.25	1.14
extra	0.25	1.35
magical	0.25	1.12
price	0.25	1.11
fett	0.25	0.99
mos	0.25	1.07
mouse	0.25	0.84
harry	0.25	1.25
lake	0.25	1.01
logical	0.25	1.92
born	0.25	1.28
produced	0.25	1.29
lotr	0.25	1.05
nicely	0.25	1.45
burton	0.25	1.11
range	0.25	1.50
digitally	0.25	1.29
project	0.25	1.18
screening	0.25	1.09
x	0.25	1.19
method	0.25	1.29
rated	0.25	1.00
thousand	0.25	1.14
pack	0.26	1.08
raptors	0.26	1.02
frozen	0.26	1.00
3d	0.26	1.12
defeat	0.26	1.11
profits	0.26	1.12
end	0.26	1.33
connection	0.26	1.05
sauron	0.26	1.04
steam	0.26	1.06
supes	0.26	1.07
boat	0.26	0.94
zack	0.26	1.06
ring	0.26	1.01
advance	0.26	1.49
leads	0.26	1.29
fish	0.26	0.90
dc	0.26	1.12
tower	0.26	1.05
reboot	0.26	1.12
dynamite	0.26	1.07
encounters	0.26	0.92
form	0.26	1.41
xavier	0.26	1.16
1984	0.26	0.89
hybrid	0.27	1.06
flight	0.27	1.03
mask	0.27	1.07
landing	0.27	0.97
impact	0.27	1.07
universes	0.27	1.20
hence	0.27	2.30
good	0.27	2.40
records	0.27	1.11
bonus	0.27	1.31
code	0.27	1.35
league	0.27	1.04
vincent	0.27	0.98
dollar	0.27	1.17
wide	0.27	1.10
couple	0.27	1.17
sports	0.27	1.19
features	0.27	1.23
conjuring	0.27	1.06
ferris	0.27	1.00
obscure	0.27	1.05
marketing	0.27	1.37
e	0.27	1.91
defined	0.27	1.51
print	0.27	1.18
expert	0.27	1.16
featuring	0.27	1.01
plays	0.27	1.02
aquaman	0.27	1.09
mini	0.27	1.10
cancelled	0.27	1.04
written	0.28	1.70
recall	0.28	1.15
sword	0.28	0.92
stage	0.28	1.20
exorcist	0.28	1.05
haunted	0.28	1.11
display	0.28	1.20
mystique	0.28	1.15
forward	0.28	1.42
metal	0.28	1.29
uk	0.28	1.03
eat	0.28	0.84
mythology	0.28	1.21
pixar	0.28	1.10
filmed	0.28	1.28
team	0.28	1.21
announced	0.28	1.05
mutants	0.28	1.13
symbolism	0.28	1.38
brothers	0.28	1.17
wire	0.28	1.09
enter	0.28	0.99
nazi	0.28	0.97
olds	0.28	0.95
museum	0.28	1.09
shark	0.28	0.85
conan	0.29	0.83
deeper	0.29	1.19
hunger	0.29	1.04
owner	0.29	1.14
days	0.29	1.33
40	0.29	1.11
whats	0.29	2.69
commander	0.29	1.06
driving	0.29	1.13
consistently	0.29	1.56
production	0.29	1.36
creatures	0.29	0.86
younger	0.29	0.81
eating	0.29	0.89
ridley	0.29	0.97
leader	0.29	1.04
artistic	0.29	1.48
g	0.30	1.54
paced	0.30	1.50
day	0.30	1.09
pc	0.30	1.20
stan	0.30	1.26
series	0.30	1.11
johnny	0.30	1.06
paranormal	0.30	1.05
blade	0.30	0.91
mirror	0.30	1.49
intro	0.30	1.13
judging	0.30	1.38
ftfy	0.30	2.45
vin	0.30	1.00
dinosaurs	0.30	1.11
dawn	0.30	0.94
tricks	0.30	1.38
each	0.30	1.12
tense	0.30	1.36
rings	0.30	1.01
dynamic	0.30	1.21
clerks	0.31	0.92
bird	0.31	1.01
criminals	0.31	1.11
foxcatcher	0.31	0.85
eggs	0.31	0.90
five	0.31	1.14
per	0.31	1.16
hundred	0.31	1.13
orcs	0.31	1.11
gross	0.31	1.35
player	0.31	1.13
rear	0.31	0.97
extras	0.31	1.26
wrath	0.31	0.89
blues	0.31	0.99
canon	0.31	1.27
weakest	0.31	2.67
origin	0.31	1.23
wolverine	0.31	1.17
1997	0.31	1.04
confidence	0.31	1.07
computers	0.31	1.29
scientific	0.31	1.53
staying	0.31	1.16
home	0.31	1.52
program	0.31	1.07
forgetting	0.31	1.05
million	0.31	1.36
singer	0.31	0.88
nyc	0.31	1.03
thief	0.32	1.05
tech	0.32	1.17
rogue	0.32	1.13
ralph	0.32	1.02
believable	0.32	1.41
n	0.32	1.73
share	0.32	1.34
impressed	0.32	1.36
lloyd	0.32	0.99
beaten	0.32	0.95
china	0.32	1.01
til	0.32	2.14
nightcrawler	0.32	0.82
boobs	0.32	0.98
ideal	0.32	1.32
attached	0.32	0.95
halo	0.32	0.88
worldwide	0.32	1.37
pilot	0.32	1.02
wall-e	0.32	0.91
iirc	0.32	1.89
gem	0.32	1.05
lord	0.32	1.02
v	0.32	0.95
ships	0.32	1.03
dancing	0.32	1.08
transformation	0.32	1.13
heroes	0.32	1.25
tucker	0.32	0.95
cliff	0.33	1.18
whoever	0.33	1.57
air	0.33	0.89
outta	0.33	1.97
talent	0.33	1.36
kicked	0.33	0.92
releases	0.33	1.10
gone	0.33	0.85
scheme	0.33	1.13
tim	0.33	1.10
adams	0.33	2.27
book	0.33	1.52
rubber	0.33	1.32
referring	0.33	3.87
careful	0.33	1.48
casablanca	0.33	1.13
smoke	0.33	0.91
reasonable	0.33	1.65
diesel	0.33	0.99
beauty	0.33	1.08
budapest	0.33	0.83
article	0.33	1.66
kid	0.33	1.05
sea	0.34	0.95
riddick	0.34	1.55
offer	0.34	1.49
comfortable	0.34	1.25
tv	0.34	1.07
dig	0.34	2.22
bone	0.34	1.10
wick	0.34	0.84
edge	0.34	0.86
nuts	0.34	2.66
cyclops	0.34	1.15
magneto	0.34	1.16
indiana	0.34	0.95
card	0.34	1.24
hotel	0.34	0.82
earth	0.34	0.92
void	0.34	0.99
clip	0.34	1.16
contact	0.34	1.00
boyhood	0.34	0.84
dog	0.34	0.84
rick	0.34	1.11
whiplash	0.34	0.83
mistaken	0.34	3.68
married	0.34	2.28
raped	0.34	1.45
boss	0.34	1.80
hilarious	0.34	1.23
confirmed	0.35	0.91
portraying	0.35	1.41
filmmaker	0.35	1.38
rebel	0.35	1.01
strangers	0.35	1.05
dracula	0.35	1.05
dubbed	0.35	1.24
1999	0.35	1.00
material	0.35	1.41
river	0.35	1.00
boot	0.35	1.05
grand	0.35	0.83
jean	0.35	1.12
appealing	0.35	0.96
smart	0.35	0.92
introducing	0.35	1.14
introduce	0.35	1.17
deleted	0.35	2.04
incorrect	0.35	3.78
subtitles	0.35	1.32
officer	0.35	1.03
data	0.35	1.26
cable	0.35	1.11
old	0.35	1.09
show	0.36	1.02
depp	0.36	1.09
ages	0.36	0.87
tape	0.36	1.13
etc	0.36	1.40
useful	0.36	1.23
cousin	0.36	2.22
thrones	0.36	1.09
pink	0.36	0.94
flew	0.36	1.03
staff	0.36	1.13
runner	0.36	0.92
background	0.36	1.21
kids	0.36	0.84
eastern	0.36	1.24
soft	0.36	1.06
smoking	0.36	1.16
faithful	0.36	1.56
cameron	0.37	1.12
mission	0.37	1.15
wolves	0.37	1.02
montage	0.37	1.23
em	0.37	2.59
ten	0.37	1.14
predator	0.37	1.01
road	0.37	0.96
snl	0.37	0.90
gained	0.37	1.55
child	0.37	1.62
wright	0.37	1.26
summary	0.37	1.55
flash	0.37	1.06
pool	0.37	0.97
western	0.37	1.21
crew	0.37	1.18
please	0.37	2.64
record	0.37	1.14
mel	0.37	0.92
check	0.37	1.37
ford	0.38	0.99
between	0.38	1.27
nazis	0.38	0.97
continuity	0.38	1.86
credits	0.38	1.24
san	0.38	0.95
xmen	0.38	1.18
busy	0.38	1.50
ronan	0.38	1.16
england	0.38	1.03
creative	0.38	1.40
imgur	0.38	1.62
schedule	0.38	1.05
dragons	0.38	0.95
blows	0.38	0.87
idk	0.38	2.90
controlled	0.38	1.18
raiders	0.38	0.94
till	0.38	1.15
ai	0.39	1.81
premiere	0.39	1.09
thomas	0.39	1.36
aged	0.39	1.19
location	0.39	1.35
goonies	0.39	0.86
twenty	0.39	1.15
nightmare	0.39	0.90
ideas	0.39	1.31
controversial	0.39	1.12
whale	0.39	1.05
chase	0.39	1.15
minimum	0.39	1.29
official	0.39	1.38
mood	0.39	1.54
clicked	0.39	2.04
jay	0.39	0.83
food	0.39	0.84
villains	0.39	1.44
international	0.39	1.21
skills	0.39	1.56
science	0.39	1.35
author	0.40	1.74
ex	0.40	1.63
combat	0.40	1.16
trivia	0.40	1.21
tiger	0.40	1.02
technique	0.40	1.54
ancient	0.40	1.33
t-rex	0.40	0.98
cops	0.40	1.16
opened	0.40	0.95
cue	0.40	1.32
robocop	0.40	0.88
chicago	0.40	1.03
girlfriend	0.40	2.24
acting	0.40	2.68
kevin	0.40	0.95
kirk	0.40	0.92
indian	0.41	1.17
guys	0.41	2.56
directing	0.41	1.96
novels	0.41	1.54
books	0.41	1.50
broad	0.41	1.23
vampires	0.41	0.93
families	0.41	1.21
fifth	0.41	0.98
frank	0.41	0.87
hbo	0.41	1.12
male	0.41	1.13
dragon	0.41	1.00
harrison	0.41	0.94
theory	0.41	1.56
sunset	0.41	0.85
im	0.41	3.06
30	0.41	1.14
scenes	0.42	1.48
wormhole	0.42	1.14
batman	0.42	1.13
guest	0.42	0.85
oldboy	0.42	1.00
interstellar	0.42	0.87
inspired	0.42	1.04
college	0.42	1.45
sarcasm	0.42	2.64
zod	0.42	0.84
photos	0.42	1.18
relatable	0.42	1.22
angel	0.42	1.11
fictional	0.42	1.66
coffee	0.42	0.79
paint	0.42	1.05
tusk	0.42	0.97
signs	0.42	0.91
b	0.43	1.51
babies	0.43	0.86
release	0.43	1.09
reply	0.43	2.59
ship	0.43	0.99
angels	0.43	1.18
controversy	0.43	0.92
baseball	0.43	1.28
equipment	0.43	1.29
play	0.43	1.44
500	0.43	1.12
hellboy	0.43	1.39
vice	0.43	0.85
game	0.43	1.00
nostalgic	0.43	0.79
planets	0.43	0.98
inherent	0.43	0.87
jump	0.43	0.98
speed	0.43	1.00
study	0.44	1.39
unusual	0.44	1.30
school	0.44	1.50
sing	0.44	1.24
entertaining	0.44	1.27
manga	0.44	1.40
t	0.44	1.55
raising	0.44	1.08
particular	0.44	1.36
tokyo	0.44	0.97
animation	0.44	1.28
lethal	0.44	0.82
letter	0.44	1.65
dune	0.44	0.96
x-men	0.44	1.19
hair	0.44	1.00
common	0.44	1.32
heist	0.44	1.14
spielberg	0.45	1.18
shorts	0.45	1.05
nasa	0.45	1.14
eisenberg	0.45	1.46
et	0.45	1.06
twin	0.45	0.88
expression	0.45	1.34
recorded	0.45	1.24
deep	0.45	1.20
los	0.45	0.98
legally	0.45	1.40
y	0.45	1.56
medium	0.45	1.44
swear	0.45	1.92
accuracy	0.45	1.40
w	0.45	1.47
truman	0.45	1.09
fascinating	0.45	1.56
step	0.45	1.42
creature	0.45	0.89
battles	0.45	1.15
hot	0.46	1.15
salt	0.46	0.81
native	0.46	1.22
muscle	0.46	0.93
les	0.46	1.03
techniques	0.46	1.54
spoken	0.46	1.71
manhattan	0.46	0.99
meaningful	0.46	1.20
richard	0.46	1.23
rises	0.46	1.22
capacity	0.46	1.04
age	0.47	0.91
storm	0.47	1.05
doctor	0.47	1.00
greek	0.47	1.07
vampire	0.47	0.92
cgi	0.47	1.61
2003	0.47	1.04
amp	0.47	1.39
april	0.47	0.94
grew	0.47	0.90
persona	0.47	1.04
jaws	0.47	0.99
send	0.47	1.34
jobs	0.47	1.35
silence	0.47	1.05
35	0.47	1.10
publicity	0.47	1.43
troopers	0.47	0.87
student	0.47	1.41
singing	0.47	1.22
tomorrow	0.47	0.87
terrifying	0.47	1.49
boom	0.47	2.05
dudes	0.47	1.18
motion	0.47	1.28
jet	0.47	0.97
games	0.47	1.02
edgar	0.47	1.30
luthor	0.48	1.11
pants	0.48	0.92
kane	0.48	1.22
training	0.48	1.28
nolan	0.48	1.26
adults	0.48	0.68
bear	0.48	0.86
tolkien	0.48	1.35
expectations	0.48	0.95
dinosaur	0.48	1.14
european	0.48	1.10
standalone	0.48	1.27
practice	0.48	1.37
artist	0.48	1.38
planet	0.48	1.00
captured	0.48	1.37
amazed	0.48	1.65
witch	0.48	0.95
shut	0.48	1.57
crossover	0.48	1.07
understanding	0.49	1.30
closest	0.49	1.03
1/2	0.49	1.01
united	0.49	1.15
o	0.49	1.57
cuz	0.49	2.55
popularity	0.49	1.24
park	0.49	1.05
eight	0.49	0.93
transformer	0.49	0.88
comic	0.49	1.35
jesse	0.49	1.30
references	0.49	1.43
police	0.49	1.11
spaceship	0.49	0.97
block	0.50	0.85
monsters	0.50	1.02
snake	0.50	1.21
fuck	0.50	2.45
ape	0.50	0.92
drives	0.50	1.28
nights	0.50	1.24
sending	0.50	1.36
mature	0.50	0.63
japanese	0.50	1.15
bryan	0.50	1.04
growing	0.50	1.02
duh	0.50	2.77
german	0.50	1.23
based	0.50	1.52
lex	0.50	1.11
speak	0.50	1.56
wizard	0.50	1.18
glass	0.50	0.90
female	0.50	1.30
titles	0.50	1.69
shape	0.50	1.08
van	0.50	0.99
gear	0.50	1.02
football	0.50	1.24
smooth	0.51	1.21
fit	0.51	1.42
gotham	0.51	1.15
chinatown	0.51	1.00
tesseract	0.51	1.11
dad	0.51	2.11
clarify	0.51	3.99
grey	0.51	1.00
dream	0.51	1.02
apocalypse	0.51	1.08
standpoint	0.51	1.80
importance	0.51	1.34
market	0.51	1.25
homage	0.51	1.45
20	0.52	1.14
input	0.52	1.32
meant	0.52	3.99
starship	0.52	0.84
messages	0.52	1.33
tl	0.52	2.09
adult	0.52	0.66
horizon	0.52	1.02
obama	0.52	1.22
hole	0.52	1.19
recommendation	0.52	1.51
pr	0.52	1.09
stephen	0.52	1.43
bat	0.52	1.13
gang	0.52	1.12
bible	0.52	1.41
philosophy	0.52	1.42
stunts	0.52	1.62
hall	0.52	1.03
jack	0.52	1.07
physics	0.52	1.47
translate	0.52	1.75
styles	0.52	1.41
elsa	0.52	1.07
explore	0.52	1.24
set	0.53	1.30
lt	0.53	2.55
fyi	0.53	1.66
cards	0.53	1.07
jurassic	0.53	1.01
cg	0.53	1.60
civil	0.53	1.23
confident	0.53	1.04
vfx	0.53	1.56
century	0.53	1.25
software	0.53	1.10
teacher	0.53	1.52
raid	0.53	1.05
miniseries	0.53	1.14
pics	0.53	1.31
directed	0.53	1.36
jimmy	0.53	1.00
domestic	0.53	1.60
cosmic	0.53	1.10
infinity	0.54	1.10
gave	0.54	1.58
model	0.54	1.37
colour	0.54	1.03
replaced	0.54	1.25
j	0.54	1.35
posters	0.54	1.20
brian	0.54	1.05
locations	0.54	1.33
national	0.54	0.96
wings	0.54	1.12
shining	0.54	1.00
sixth	0.54	0.96
lego	0.54	0.89
son	0.54	3.19
raised	0.54	1.45
company	0.54	1.35
pm	0.54	1.32
strangelove	0.54	1.05
recording	0.54	1.26
scientist	0.55	1.31
cowboy	0.55	1.15
degree	0.55	1.40
schindler	0.55	1.11
novel	0.55	1.72
partner	0.55	2.00
leia	0.55	1.34
neighbors	0.55	0.82
robots	0.55	0.99
french	0.55	1.21
synopsis	0.55	1.45
samurai	0.55	1.10
relationship	0.55	1.30
farm	0.55	0.90
wrapped	0.55	1.04
spoiler	0.55	2.52
returns	0.55	1.16
birdman	0.55	0.92
joker	0.56	1.28
carrey	0.56	0.86
drink	0.56	0.84
cop	0.56	1.03
sold	0.56	1.32
effective	0.56	1.24
belt	0.56	0.99
c'mon	0.56	2.76
three	0.56	1.18
shall	0.56	1.58
dan	0.56	1.14
2008	0.56	1.06
apes	0.57	0.93
cream	0.57	0.75
martial	0.57	1.18
khan	0.57	0.93
jewish	0.57	1.39
elf	0.57	0.81
drinking	0.57	0.82
robot	0.57	0.98
arts	0.57	1.20
studios	0.57	1.38
galaxy	0.57	0.93
1995	0.57	1.04
strange	0.57	1.11
beginning	0.57	1.35
spanish	0.57	1.28
wild	0.57	1.09
checking	0.57	1.27
recommendations	0.57	1.33
snowpiercer	0.57	0.89
hitchcock	0.57	1.14
steven	0.58	1.23
stars	0.58	1.26
2015	0.58	1.15
24	0.58	1.10
jerry	0.58	0.83
charles	0.58	1.09
quote	0.58	2.04
giant	0.58	1.02
gilliam	0.58	1.11
pop	0.58	1.31
intentional	0.58	1.88
spectacle	0.58	1.53
fat	0.58	1.02
shane	0.58	1.29
london	0.58	1.08
december	0.58	1.14
scott	0.58	0.98
begins	0.58	1.20
chinese	0.58	1.11
forest	0.58	1.02
loose	0.58	1.23
adaptation	0.58	1.47
ip	0.58	1.05
magnolia	0.58	1.33
pregnant	0.59	1.96
dennis	0.59	1.04
magic	0.59	1.31
upcoming	0.59	0.91
michael	0.59	1.02
house	0.59	0.95
glasses	0.59	0.93
chick	0.59	0.99
rented	0.59	1.06
las	0.59	1.00
reminds	0.59	1.28
master	0.59	1.38
agents	0.59	1.00
gif	0.59	1.90
women	0.59	1.04
terry	0.60	1.07
noah	0.60	1.27
distribution	0.60	1.31
girls	0.60	0.85
rose	0.60	0.85
six	0.60	1.16
scores	0.60	1.22
taught	0.60	1.47
historical	0.60	1.70
agreed	0.60	2.29
university	0.60	1.32
activity	0.60	0.99
covers	0.60	1.14
ambiguous	0.60	1.56
husband	0.60	2.18
2007	0.60	0.99
roman	0.60	1.19
cruise	0.60	0.85
st	0.61	1.00
ta	0.61	2.81
duck	0.61	0.71
starred	0.61	0.79
eastwood	0.61	1.20
channel	0.61	1.24
amazingly	0.61	1.59
tour	0.61	1.09
coincidence	0.61	1.64
misunderstood	0.61	3.70
exclusive	0.61	1.22
such	0.61	1.57
disney	0.61	1.31
parent	0.61	1.81
elysium	0.61	1.72
listened	0.61	1.18
boogie	0.61	1.28
nine	0.61	1.12
indy	0.62	1.04
sooo	0.62	2.00
logo	0.62	1.39
space	0.62	1.01
brand	0.62	1.23
gods	0.62	1.28
class	0.62	1.46
op	0.62	2.62
shared	0.62	1.05
setting	0.62	1.51
u	0.62	2.60
cube	0.62	0.90
his	0.62	1.80
gambit	0.62	1.15
players	0.62	1.35
date	0.62	1.09
boys	0.62	0.73
ark	0.62	1.08
fix	0.63	2.70
models	0.63	1.57
bar	0.63	0.79
2004	0.63	1.02
property	0.63	1.33
alfred	0.63	1.14
knowledge	0.63	1.10
deadpool	0.63	1.23
mom	0.63	2.08
king	0.63	1.11
president	0.63	1.27
burn	0.63	1.20
glory	0.63	1.00
listen	0.63	1.31
falcon	0.63	1.02
direction	0.63	2.32
optimistic	0.63	2.73
shots	0.64	1.53
quicksilver	0.64	1.09
zone	0.64	0.80
chan	0.64	1.10
scene	0.64	1.38
2005	0.64	0.99
young	0.64	0.70
drax	0.64	1.07
talented	0.64	1.47
murph	0.64	1.27
refer	0.64	2.50
25	0.64	1.12
2002	0.65	1.02
students	0.65	1.42
accents	0.65	1.23
naked	0.65	1.03
wb	0.65	1.34
father	0.65	2.18
insight	0.65	1.23
lantern	0.65	1.14
sir	0.65	2.52
pym	0.65	1.13
hes	0.65	2.29
hank	0.65	1.12
hal	0.65	1.08
delivered	0.65	1.89
parents	0.65	2.07
oblivion	0.65	1.56
january	0.65	1.09
helmet	0.65	1.05
unbreakable	0.66	0.98
2006	0.66	1.00
2016	0.66	1.07
vegas	0.66	0.98
quotes	0.66	1.88
labyrinth	0.66	0.87
british	0.66	1.14
lebowski	0.66	0.99
jones	0.66	1.04
rambo	0.66	0.89
using	0.66	1.70
russian	0.66	1.22
yo	0.66	2.68
clint	0.66	1.21
fan	0.66	2.36
28	0.66	1.02
listening	0.66	1.38
dinner	0.66	0.76
mother	0.66	2.11
powerful	0.66	1.43
expendables	0.66	0.88
con	0.67	1.02
miller	0.67	1.36
painted	0.67	1.06
heath	0.67	1.85
bane	0.67	1.30
wayne	0.67	1.20
fights	0.67	1.06
breakfast	0.67	0.82
pitch	0.67	0.94
clockwork	0.67	1.02
fighting	0.67	0.94
kicks	0.67	1.03
italian	0.67	1.24
13th	0.67	0.83
sequence	0.67	1.39
appreciated	0.67	1.81
knight	0.67	1.21
looked	0.67	1.78
locked	0.67	1.21
kung	0.67	1.11
pratt	0.67	1.02
jacket	0.67	0.99
exposure	0.68	1.29
cinematic	0.68	1.54
odyssey	0.68	0.99
filmmaking	0.68	1.61
armor	0.68	1.15
combination	0.68	1.58
angles	0.68	1.54
skill	0.68	1.38
matrix	0.68	0.97
instructions	0.68	1.69
guardians	0.68	1.00
jackie	0.68	1.01
fight	0.68	1.17
aesthetic	0.68	1.87
gibson	0.68	1.08
henry	0.68	1.09
reference	0.68	1.82
vision	0.68	1.33
alex	0.68	1.30
herself	0.68	1.78
distinct	0.68	1.33
men	0.69	1.02
press	0.69	1.49
jealous	0.69	1.39
john	0.69	0.76
annie	0.69	1.02
hat	0.69	1.03
pay	0.69	1.25
west	0.69	1.19
paramount	0.69	1.39
simon	0.69	1.14
grant	0.69	1.09
pieces	0.69	1.90
children	0.69	1.41
paying	0.69	1.25
trailer	0.69	1.29
technical	0.69	1.67
filmography	0.69	1.30
hamill	0.69	1.03
red	0.69	0.96
christopher	0.69	1.25
fu	0.70	1.11
atmosphere	0.70	1.68
pair	0.70	0.99
bait	0.70	2.83
television	0.70	1.28
treatment	0.70	1.71
skeptical	0.70	2.01
ya	0.70	2.85
dance	0.70	1.22
killer	0.70	1.05
1	0.70	0.99
sister	0.70	2.14
teach	0.70	1.67
both	0.70	1.45
drawing	0.70	1.15
orange	0.70	0.99
23	0.70	1.09
moses	0.70	1.41
boyfriend	0.70	2.04
rising	0.70	0.95
intelligent	0.70	1.04
doors	0.70	1.27
da	0.71	2.59
jeff	0.71	0.97
aronofsky	0.71	1.27
relevant	0.71	1.74
signed	0.71	1.17
david	0.71	1.23
tdkr	0.71	1.22
bruges	0.71	1.01
she	0.71	1.95
hannibal	0.71	1.11
playing	0.71	1.37
gene	0.71	1.23
complicated	0.71	1.33
smith	0.71	1.27
labeouf	0.71	1.17
important	0.72	1.46
ghost	0.72	1.26
affleck	0.72	1.39
assassin	0.72	0.99
kaiju	0.72	1.11
brazil	0.72	0.94
kelly	0.72	1.01
lee	0.72	1.04
alright	0.72	3.02
brother	0.72	1.91
lucy	0.72	1.15
professor	0.72	1.43
york	0.72	1.08
tea	0.73	0.75
adopted	0.73	2.03
speaks	0.73	1.48
louis	0.73	0.93
skull	0.73	1.05
el	0.73	0.97
images	0.73	1.29
motherfucker	0.73	1.88
f	0.73	1.97
stallone	0.73	0.88
queen	0.73	1.04
legendary	0.74	1.22
ol	0.74	2.10
kurosawa	0.74	1.20
fincher	0.74	1.28
de	0.74	1.18
craft	0.74	1.35
vague	0.74	2.01
enemy	0.74	0.89
damned	0.74	2.16
heat	0.74	1.01
theme	0.74	1.45
punching	0.74	0.83
wearing	0.74	1.04
cage	0.74	1.16
un	0.74	0.99
reynolds	0.74	0.98
voice	0.74	1.20
psycho	0.74	1.05
shoes	0.74	1.00
beer	0.74	0.78
brilliantly	0.75	1.66
johnson	0.75	1.06
russia	0.75	0.90
godfather	0.75	1.09
suggestions	0.75	1.70
kicking	0.75	1.06
consistent	0.75	1.52
l	0.75	1.31
franco	0.75	0.88
her	0.75	2.03
hydra	0.75	1.05
saving	0.75	1.20
hmmm	0.76	3.07
purple	0.76	0.98
pun	0.76	2.56
dunno	0.76	2.72
text	0.76	1.99
2001	0.76	0.95
p	0.76	2.71
twelve	0.76	1.13
gordon	0.76	1.28
spike	0.76	1.30
legacy	0.76	0.85
dr	0.76	1.12
taylor	0.76	0.95
monster	0.77	1.04
mad	0.77	1.37
spot	0.77	1.26
costs	0.77	1.18
barry	0.77	1.11
mob	0.77	1.08
cost	0.77	1.20
la	0.77	1.02
fellow	0.77	0.88
holy	0.77	2.52
wear	0.77	1.01
wears	0.77	1.01
fresh	0.77	0.96
cat	0.77	0.86
wore	0.78	1.00
four	0.78	1.26
grit	0.78	1.39
toro	0.78	0.98
familiar	0.78	1.03
blonde	0.78	1.05
del	0.78	0.95
particularly	0.78	1.64
stanley	0.78	1.12
warner	0.78	1.40
edited	0.78	2.21
expensive	0.78	1.36
color	0.78	1.07
territory	0.78	1.45
perfectly	0.78	1.69
vacation	0.78	0.84
australian	0.78	1.15
rock	0.79	1.08
lynch	0.79	1.16
ken	0.79	1.13
seven	0.79	1.12
water	0.79	0.73
smash	0.79	0.97
woman	0.79	1.03
milk	0.79	0.75
contract	0.79	1.31
teaser	0.79	1.01
photoshop	0.79	1.23
friends	0.79	1.52
ant-man	0.79	1.02
fighter	0.79	1.10
coppola	0.79	1.16
selection	0.79	1.39
contrast	0.79	0.93
july	0.79	1.09
danny	0.79	0.93
zach	0.80	0.92
gotg	0.80	1.10
gangster	0.80	1.07
bang	0.80	0.86
bastards	0.80	1.12
fx	0.80	1.55
sound	0.80	1.47
paid	0.80	1.18
wife	0.80	3.07
mix	0.81	1.41
chops	0.81	1.91
nah	0.81	3.05
10	0.81	1.16
bold	0.81	1.45
vs	0.82	0.95
opening	0.82	1.27
liam	0.82	1.22
godzilla	0.82	1.06
lone	0.82	1.14
bank	0.82	1.25
15	0.82	1.18
ok	0.82	3.31
marriage	0.82	1.68
austin	0.82	0.90
shirt	0.82	1.01
green	0.82	1.08
cup	0.82	0.74
info	0.82	1.37
foster	0.82	1.03
mann	0.83	1.18
universal	0.83	1.39
mcu	0.83	1.20
panther	0.83	1.05
loki	0.83	1.14
buddy	0.83	2.73
march	0.83	1.09
inspiration	0.83	1.25
phase	0.83	1.12
doom	0.83	1.18
ledger	0.83	1.80
usual	0.83	1.11
neeson	0.83	1.20
linklater	0.83	1.25
ron	0.83	1.05
thanos	0.83	1.12
language	0.83	1.76
zimmer	0.83	1.38
private	0.84	1.09
tho	0.84	2.74
baby	0.84	1.08
family	0.84	1.95
agent	0.84	0.89
malick	0.84	1.23
bros	0.84	1.36
bruce	0.84	1.22
raccoon	0.85	0.95
owned	0.85	1.42
suits	0.85	1.20
cover	0.85	1.30
nail	0.85	1.49
properties	0.85	1.40
fuckin	0.85	2.61
style	0.85	1.70
harvey	0.85	1.26
suit	0.85	1.16
anthony	0.85	1.08
comics	0.86	1.29
biopic	0.86	1.24
fist	0.86	1.11
groot	0.86	0.95
21	0.86	1.10
portman	0.86	1.62
birth	0.86	1.53
forgot	0.86	3.05
art	0.86	1.47
context	0.86	2.33
virgin	0.86	0.84
lambs	0.86	1.07
bean	0.86	1.19
warriors	0.86	1.02
jackson	0.87	1.09
speaking	0.87	1.64
split	0.87	1.61
use	0.87	1.78
kick-ass	0.87	1.00
props	0.87	1.57
painting	0.87	1.19
streets	0.87	1.13
2014	0.87	0.98
murphy	0.87	1.08
concepts	0.87	1.29
cera	0.87	1.04
catwoman	0.87	1.30
fury	0.87	1.03
ed	0.87	1.19
hmm	0.88	3.19
accent	0.88	1.24
surreal	0.88	1.56
longest	0.88	1.15
beard	0.88	1.17
cloverfield	0.88	1.17
credit	0.88	2.47
jason	0.88	0.89
alexander	0.88	1.09
curse	0.88	1.53
combined	0.89	1.62
sinister	0.89	1.42
thoroughly	0.89	2.11
shia	0.89	1.21
daughter	0.89	3.03
used	0.89	1.75
heaven	0.89	1.29
detective	0.89	1.57
arabia	0.89	1.14
pictures	0.89	1.29
5	0.89	1.11
eh	0.89	3.10
kurt	0.90	1.12
kubrick	0.90	1.18
natalie	0.90	1.60
shawshank	0.90	1.08
19	0.90	1.12
actors	0.90	1.56
hey	0.90	3.05
literal	0.90	2.36
buff	0.90	1.15
groundhog	0.90	1.19
english	0.90	1.70
alert	0.90	2.72
stock	0.91	1.39
close	0.91	1.54
given	0.91	1.98
avatar	0.91	1.38
redemption	0.91	1.09
inaccurate	0.91	2.78
4	0.91	1.03
graphics	0.91	1.58
um	0.92	3.12
tight	0.92	1.08
18	0.92	1.17
prime	0.92	1.05
mobile	0.92	2.46
rogen	0.92	0.80
dat	0.92	2.47
party	0.93	0.81
shakespeare	0.93	2.01
bill	0.93	1.23
22	0.93	1.04
song	0.93	1.40
brown	0.93	1.06
photo	0.93	1.50
cooper	0.93	1.32
hype	0.93	1.22
17	0.93	1.18
mile	0.93	1.15
lights	0.93	0.88
forms	0.93	1.51
musical	0.93	1.36
winter	0.93	1.02
ant	0.93	1.10
pta	0.93	1.21
dress	0.94	1.07
practical	0.94	1.71
16	0.94	1.18
yay	0.94	2.67
aaron	0.94	1.07
washington	0.94	1.18
independence	0.94	0.89
hans	0.94	1.33
thats	0.94	3.12
kong	0.94	0.98
cranston	0.94	1.15
girl	0.95	0.68
letters	0.95	1.84
hooked	0.95	1.56
kidding	0.95	3.15
dogs	0.95	1.12
outfit	0.96	1.06
gump	0.96	1.11
q	0.96	0.98
coen	0.96	1.21
clothes	0.96	1.00
suited	0.96	1.33
host	0.96	1.47
pointing	0.97	3.35
george	0.97	1.45
year	0.97	1.87
yep	0.97	2.80
keanu	0.97	1.17
murray	0.97	1.27
mighty	0.97	0.83
morgan	0.98	1.14
whoa	0.98	2.82
description	0.98	1.99
quentin	0.98	1.22
dressed	0.98	0.82
reeves	0.98	1.18
light	0.98	0.80
ultron	0.98	1.16
proper	0.98	2.56
omg	0.98	2.82
goddamn	0.98	1.80
donnie	0.98	0.98
prestige	0.98	1.04
6	0.98	1.12
ice	0.98	0.76
fiction	0.98	1.11
taxi	0.99	1.11
scarface	0.99	1.11
edward	0.99	1.29
13	0.99	1.18
driver	0.99	1.09
crossed	0.99	1.17
complex	0.99	1.31
advice	0.99	1.84
8	0.99	1.12
14	0.99	1.18
rhino	0.99	1.67
band	0.99	1.37
god	0.99	2.32
stiller	0.99	0.97
tag	1.00	2.69
bro	1.00	2.96
track	1.00	1.44
thank	1.00	2.84
goblin	1.00	1.67
owns	1.00	1.53
7	1.00	1.11
coolest	1.00	2.82
2009	1.01	1.03
names	1.01	2.07
elaborate	1.01	1.28
stone	1.01	1.56
nope	1.01	3.09
woah	1.01	2.86
carried	1.01	1.65
dave	1.01	0.94
october	1.01	1.02
sorry	1.01	3.93
requiem	1.01	0.97
ben	1.01	1.11
rob	1.02	0.90
hunter	1.02	1.16
11	1.02	1.19
meaning	1.02	2.36
genres	1.02	1.86
experience	1.02	1.54
electro	1.02	1.75
mccarthy	1.02	1.61
al	1.03	1.23
soldier	1.03	1.06
wat	1.03	2.95
chris	1.03	1.08
canadian	1.03	0.93
alan	1.03	1.27
forrest	1.03	1.15
sequences	1.03	1.85
yea	1.03	3.13
sin	1.03	0.92
chances	1.03	1.29
yup	1.03	2.79
willis	1.04	1.04
marvel	1.04	1.43
songs	1.04	1.40
wahlberg	1.04	1.15
received	1.04	2.67
hahaha	1.04	3.13
beats	1.04	1.32
lesson	1.04	1.63
rights	1.04	1.51
fargo	1.05	1.10
respect	1.05	1.84
rudd	1.05	1.01
uh	1.05	3.19
bridges	1.05	1.08
huh	1.05	3.14
pulp	1.05	1.11
seth	1.05	0.77
bourne	1.05	0.93
justin	1.06	1.11
clever	1.06	1.30
tyler	1.06	0.81
sam	1.06	1.15
raging	1.06	1.15
mate	1.07	3.09
tarantino	1.07	1.21
appreciation	1.07	1.52
tony	1.07	1.19
jr	1.07	1.10
warrior	1.07	0.94
starring	1.07	0.88
bull	1.07	1.13
makeup	1.08	1.68
ross	1.08	1.13
idris	1.08	1.18
cake	1.08	0.98
bond	1.08	1.14
blunt	1.08	0.72
ryan	1.08	1.13
depends	1.08	2.59
sun	1.09	0.72
3	1.09	1.05
heh	1.09	3.07
voting	1.09	2.79
lighting	1.09	1.67
lol	1.09	3.15
scarlet	1.09	1.12
suspects	1.09	1.10
genius	1.09	1.24
username	1.09	2.52
department	1.09	1.65
foreign	1.10	1.63
bright	1.10	0.84
fancy	1.10	1.13
roles	1.10	1.54
album	1.10	1.37
avengers	1.11	1.15
oh	1.11	3.17
parties	1.11	1.30
tracks	1.11	1.44
buzz	1.11	1.60
summer	1.11	1.23
samuel	1.12	1.17
widow	1.12	1.14
ahh	1.12	3.10
lead	1.12	1.87
calm	1.12	1.97
worries	1.12	3.19
spy	1.12	0.88
freeman	1.12	1.23
image	1.13	1.64
gate	1.13	1.49
aw	1.13	2.85
lawyer	1.13	1.45
feature	1.13	2.01
hi	1.13	2.81
gladiator	1.13	1.08
finest	1.14	2.18
costume	1.14	1.41
network	1.14	1.15
christ	1.15	2.17
stark	1.15	1.18
convincing	1.15	1.52
tree	1.15	0.98
compelling	1.15	1.42
shield	1.15	1.13
fair	1.16	2.06
haha	1.16	3.21
chuck	1.16	0.90
se7en	1.16	1.13
hawk	1.16	1.10
haunting	1.17	1.65
anderson	1.17	1.35
hello	1.17	2.57
recently	1.17	2.49
nick	1.17	1.06
scorsese	1.17	1.25
nicolas	1.17	1.12
2	1.17	1.01
error	1.18	3.38
bucky	1.18	1.16
robert	1.18	1.17
doc	1.18	1.53
brick	1.18	0.97
hawkeye	1.18	1.16
yes	1.18	3.59
attention	1.18	2.12
elba	1.18	1.17
avenger	1.19	1.16
jesus	1.19	2.27
patrick	1.19	1.28
colors	1.19	1.34
btw	1.19	3.00
easter	1.19	1.30
america	1.19	1.14
portrayal	1.19	1.61
stranger	1.20	0.99
reservoir	1.20	1.15
russell	1.20	1.23
owen	1.20	1.04
southern	1.20	1.26
thor	1.20	1.17
peter	1.21	1.71
dazed	1.21	0.99
memento	1.21	1.03
brosnan	1.21	0.94
cap	1.21	1.18
recognized	1.21	1.41
darko	1.21	0.97
monkeys	1.22	1.06
your	1.22	3.06
iron	1.23	1.16
actresses	1.23	1.71
irish	1.23	0.83
blue	1.23	1.10
odds	1.23	2.29
moon	1.23	1.08
choreography	1.23	2.11
luck	1.23	2.56
quantum	1.23	0.97
name	1.23	2.37
garden	1.23	1.23
goodfellas	1.24	1.15
eric	1.24	1.16
von	1.24	1.14
eternal	1.24	1.11
9	1.24	1.00
ah	1.24	3.17
license	1.24	1.14
drive	1.24	1.04
dude	1.24	2.66
spotless	1.25	1.06
phrase	1.25	2.63
egg	1.25	1.17
limited	1.25	1.53
solid	1.25	2.42
an	1.26	1.84
paris	1.26	1.15
august	1.26	1.12
watchmen	1.26	0.90
sherlock	1.26	1.33
yellow	1.26	0.81
james	1.26	0.87
punk	1.27	1.15
martin	1.27	1.19
brando	1.27	1.24
howard	1.27	1.20
ferrell	1.27	0.90
web	1.27	1.71
sean	1.27	0.90
leading	1.27	1.89
intriguing	1.27	1.42
mistake	1.27	3.43
apologize	1.28	3.49
rdj	1.28	1.19
hammer	1.29	1.48
concerned	1.29	2.53
lizard	1.29	1.53
craig	1.29	0.94
fountain	1.29	1.03
zodiac	1.29	1.17
stewart	1.29	1.23
beating	1.30	1.42
satisfied	1.30	2.48
screenplay	1.30	3.13
clear	1.30	3.15
exciting	1.30	1.49
beautifully	1.31	1.78
similar	1.31	1.21
odd	1.31	1.91
fits	1.32	1.26
music	1.33	1.58
dredd	1.33	2.32
rocket	1.33	1.28
gold	1.33	2.10
role	1.33	1.73
connery	1.34	0.92
engaging	1.34	1.48
flawless	1.34	2.59
inglorious	1.34	1.16
pierce	1.34	0.91
basterds	1.34	1.15
hopes	1.35	1.32
members	1.35	1.88
safe	1.35	2.09
answer	1.35	3.22
evans	1.35	1.20
special	1.35	1.61
eva	1.36	0.97
accomplished	1.36	1.43
thanks	1.36	2.73
ian	1.36	1.20
sets	1.36	1.74
mike	1.37	0.81
gary	1.37	1.38
statue	1.37	1.89
costumes	1.37	1.73
nic	1.37	0.89
pacino	1.37	1.40
mcqueen	1.37	1.63
design	1.37	1.90
thirty	1.38	1.31
sunshine	1.38	0.99
kiss	1.38	0.98
max	1.38	0.83
confused	1.38	2.35
venom	1.39	1.74
tommy	1.39	0.77
pic	1.39	1.59
photography	1.39	1.87
raimi	1.39	1.78
first	1.39	2.58
attractive	1.39	1.17
punisher	1.39	1.06
cheers	1.40	2.61
wes	1.40	1.44
district	1.40	1.31
holmes	1.41	1.38
exact	1.41	3.07
scarlett	1.41	1.27
hoping	1.41	2.59
titanic	1.41	1.31
2011	1.42	1.20
pacific	1.42	2.41
parker	1.42	1.75
johansson	1.42	1.25
rim	1.42	2.42
elizabeth	1.42	1.20
2010	1.42	1.20
vendetta	1.42	1.00
captain	1.42	1.18
crush	1.42	1.10
mr	1.42	2.25
recommended	1.43	1.98
don	1.43	1.22
tattoo	1.43	1.02
christian	1.44	1.40
gift	1.44	0.99
snatch	1.45	1.36
nicholas	1.45	0.89
primer	1.45	0.95
correctly	1.45	3.26
indeed	1.46	2.15
wilson	1.46	1.19
receive	1.47	3.09
jon	1.47	1.27
effects	1.47	1.88
mary	1.47	1.64
banner	1.47	1.25
masterpiece	1.48	1.69
ha	1.48	2.81
historically	1.48	2.87
island	1.48	1.31
swan	1.48	1.06
earned	1.48	3.02
definition	1.48	3.06
inception	1.48	0.99
grammar	1.49	3.61
ultimate	1.50	1.76
grace	1.50	1.51
festival	1.50	2.07
american	1.50	1.37
detailed	1.50	1.45
weird	1.50	2.32
legit	1.50	2.37
worried	1.51	2.51
jonah	1.51	1.27
spider-man	1.51	1.79
joseph	1.52	1.23
spiderman	1.52	1.79
adapted	1.52	2.81
underrated	1.52	1.52
josh	1.52	1.12
job	1.53	2.26
beyond	1.53	1.42
vote	1.53	3.21
short	1.54	1.42
sentence	1.54	3.54
mark	1.54	1.26
denzel	1.55	1.34
royale	1.56	0.96
spidey	1.56	1.80
fitting	1.56	1.24
dates	1.56	1.39
spacey	1.56	1.46
damon	1.57	1.42
casino	1.57	0.97
accurate	1.58	2.77
bottle	1.59	1.20
excited	1.59	2.45
joel	1.59	0.99
blew	1.60	1.79
beat	1.60	1.86
tron	1.60	1.17
pilgrim	1.60	1.07
drew	1.60	0.91
ladies	1.61	1.12
title	1.62	3.31
technically	1.62	2.67
deserve	1.62	3.50
andy	1.63	0.88
downey	1.63	1.27
recognition	1.63	3.09
fixed	1.64	3.35
jamie	1.64	1.36
memorable	1.64	1.64
crazy	1.64	2.33
matt	1.65	1.48
loving	1.65	2.19
spelling	1.66	3.51
gwen	1.67	1.79
hill	1.67	1.23
designs	1.67	1.60
lifetime	1.67	3.28
joe	1.68	0.84
refreshing	1.68	1.75
imagery	1.68	1.80
stole	1.70	1.57
steve	1.70	1.38
anna	1.71	1.11
niro	1.71	1.35
oldman	1.71	1.51
eddie	1.72	0.89
words	1.72	3.16
belongs	1.72	2.15
tom	1.73	1.28
deserves	1.73	3.69
jessica	1.73	1.58
bradley	1.73	1.31
word	1.74	3.25
jolie	1.74	1.68
visual	1.74	1.93
christmas	1.75	0.87
yeah	1.76	3.01
jordan	1.76	1.20
clooney	1.76	1.59
anne	1.76	1.81
edit	1.76	3.41
2012	1.76	1.28
jeremy	1.77	1.42
jane	1.77	1.58
cast	1.77	1.71
spell	1.78	3.33
ambitious	1.79	1.53
departed	1.80	1.39
translation	1.80	1.58
insane	1.80	2.02
nicholson	1.80	1.56
caine	1.80	1.50
survivor	1.80	1.35
channing	1.80	1.30
sexy	1.81	1.03
rewatched	1.81	2.43
gangs	1.81	1.42
lewis	1.81	1.68
worthy	1.82	3.64
truly	1.82	1.77
sounds	1.82	2.47
poster	1.83	1.40
hathaway	1.83	1.80
damn	1.83	2.74
charming	1.83	1.89
pi	1.84	0.97
moore	1.84	1.40
nod	1.85	3.53
fucking	1.86	2.33
brad	1.87	1.43
score	1.87	1.68
categories	1.88	3.73
lincoln	1.89	1.39
nomination	1.90	3.72
winner	1.90	3.74
academy	1.90	3.73
bullock	1.91	2.65
kate	1.91	1.84
winning	1.91	3.73
picture	1.92	3.70
nominated	1.92	3.72
holiday	1.92	0.88
oscars	1.92	3.73
chronicle	1.92	2.04
math	1.93	2.86
deserved	1.93	3.67
golden	1.93	3.71
shutter	1.94	1.42
berry	1.94	1.44
amy	1.95	1.83
win	1.95	3.69
man	1.95	1.44
magnificent	1.96	1.80
won	1.96	3.70
oscar	1.97	3.69
nominations	1.97	3.68
waltz	1.98	1.53
awards	1.98	3.63
walter	1.98	1.45
crowe	1.98	1.49
django	2.00	1.43
appropriate	2.00	2.20
dinklage	2.01	1.29
category	2.01	3.64
award	2.01	3.63
competition	2.01	3.19
pitt	2.02	1.55
unchained	2.02	1.27
daniel	2.02	1.25
perfect	2.02	1.99
visually	2.03	1.86
hunt	2.03	1.49
tatum	2.03	1.40
jackman	2.03	1.48
rockwell	2.03	1.55
simple	2.05	2.29
looper	2.07	1.04
lady	2.07	1.11
phoenix	2.07	1.74
hulk	2.08	1.46
hugh	2.08	1.48
speech	2.08	2.75
glorious	2.08	1.38
promising	2.08	1.86
ethan	2.10	1.77
term	2.11	2.08
notch	2.12	2.54
station	2.14	1.43
jennifer	2.15	2.03
meryl	2.16	1.88
wins	2.16	3.54
lawrence	2.16	2.14
streep	2.16	1.87
gosling	2.18	1.49
benedict	2.18	1.43
10/10	2.19	2.11
bale	2.19	1.61
argo	2.21	2.21
grown	2.22	2.13
wow	2.22	2.88
hugo	2.23	1.04
hardy	2.23	1.69
emma	2.23	1.61
sandra	2.25	2.71
leonardo	2.26	1.63
actress	2.27	3.16
looks	2.27	2.29
cumberbatch	2.27	1.49
boy	2.30	2.11
great	2.30	2.32
ellen	2.30	2.57
joaquin	2.30	1.81
stellar	2.32	2.49
garfield	2.33	2.23
lock	2.34	2.98
forgives	2.34	1.19
linings	2.36	1.14
keaton	2.37	1.74
superb	2.37	2.47
chemistry	2.37	2.22
clean	2.37	2.01
club	2.38	1.54
cinematography	2.38	2.36
concept	2.39	1.99
lucky	2.39	2.01
aquatic	2.39	2.03
unique	2.40	1.71
rider	2.43	2.00
dicaprio	2.44	1.65
andrew	2.44	2.23
phenomenal	2.45	2.47
visuals	2.45	2.32
fox	2.46	2.17
silver	2.46	1.13
sandler	2.47	2.06
supporting	2.47	3.19
helpful	2.48	1.78
birthday	2.48	2.09
spider	2.48	2.31
matthew	2.48	1.91
serkis	2.49	1.37
interest	2.51	1.94
badass	2.52	2.06
hyped	2.53	1.72
freaking	2.53	2.10
hanks	2.53	1.82
adam	2.54	2.07
healthy	2.54	1.92
fassbender	2.55	1.70
midnight	2.55	1.45
excellent	2.56	2.34
spring	2.56	1.48
cute	2.56	1.80
wedding	2.57	2.23
ruffalo	2.58	1.63
gatsby	2.58	1.58
leo	2.58	2.78
reign	2.59	2.12
catching	2.61	1.54
proud	2.61	1.98
norton	2.61	1.57
atlas	2.61	1.94
drunk	2.61	2.04
especially	2.62	2.15
friendly	2.62	1.85
skyfall	2.62	1.82
kingdom	2.63	2.03
suggestion	2.64	1.82
chill	2.64	2.37
santa	2.64	1.82
12	2.64	1.59
inside	2.64	1.59
street	2.65	1.57
billy	2.67	1.98
cloud	2.68	1.90
daredevil	2.69	2.03
pumped	2.71	2.25
soundtrack	2.73	2.12
achievement	2.74	1.83
gyllenhaal	2.74	1.87
welcome	2.74	2.10
moonrise	2.74	1.95
gravity	2.75	1.58
performance	2.75	2.05
sucker	2.75	1.49
stoked	2.76	2.28
daddy	2.77	1.94
mcconaughey	2.78	2.13
terrific	2.79	2.25
jake	2.79	1.87
wall	2.80	1.66
royal	2.80	1.86
sharing	2.80	1.83
cool	2.81	1.99
lovely	2.81	1.17
actor	2.81	2.41
breakers	2.82	1.46
absolutely	2.83	2.12
wolf	2.85	1.67
leto	2.86	2.54
beautiful	2.86	1.98
gorgeous	2.87	2.17
performances	2.88	2.18
prisoners	2.90	1.58
jared	2.90	2.28
davis	2.90	1.62
llewyn	2.90	1.62
kings	2.91	1.53
2013	2.91	1.55
mud	2.93	1.62
rush	2.94	1.62
pines	2.98	1.57
sweet	2.99	1.66
outstanding	3.00	2.22
nailed	3.00	2.13
neat	3.01	2.02
slave	3.03	2.08
nebraska	3.04	1.69
interesting	3.06	1.47
dallas	3.09	1.72
buyers	3.09	1.72
phillips	3.10	1.70
stunning	3.10	2.18
punch	3.10	1.64
plus	3.13	1.59
impressive	3.23	2.02
hustle	3.25	1.93
incredible	3.30	2.09
brilliant	3.30	2.02
warm	3.46	1.71
spectacular	3.54	1.94
wonderful	3.61	1.52
